Data,IPEDS ID,Year,NCAA Subdivision,FBS Conference,Total Expenses,Excess Transfers Back,Other Expenses,Medical,Competition Guarantees,Recruiting,Game Expenses and Travel,Facilities and Equipment,Coaches Compensation,Support and Admin Compensation w/Severance,Athletic Student Aid,Total Academic Spending (University-Wide),Total Football Spending,Total Football Coaching Salaries
Arizona State University,104151,2018,Football Bowl Subdivision,Pacific-12 Conference,"$126,782,387 ",$0 ,"$9,549,397 ","$1,630,447 ","$1,763,586 ","$1,543,683 ","$11,221,325 ","$32,377,384 ","$20,838,455 ","$32,149,151 ","$15,708,959 ","$1,728,487,530 ","$52,816,903 ","$8,586,651 "
Arizona State University,104151,2019,Football Bowl Subdivision,Pacific-12 Conference,"$118,404,377 ",$0 ,"$9,815,972 ","$1,536,363 ","$1,445,796 ","$1,617,134 ","$11,472,614 ","$35,353,166 ","$19,920,882 ","$20,666,168 ","$16,576,282 ","$1,929,483,360 ","$31,977,970 ","$7,072,896 "
Arizona State University,104151,2020,Football Bowl Subdivision,Pacific-12 Conference,"$117,912,821 ",$0 ,"$8,949,975 ","$1,855,129 ","$2,777,041 ","$1,342,096 ","$11,172,901 ","$30,484,450 ","$21,578,487 ","$22,920,786 ","$16,831,956 ","$2,304,773,139 ","$40,701,748 ","$8,317,089 "
Arizona State University,104151,2021,Football Bowl Subdivision,Pacific-12 Conference,"$103,772,499 ",$0 ,"$4,531,886 ","$2,356,712 ","$207,992 ","$380,468 ","$6,255,752 ","$28,390,717 ","$22,357,899 ","$21,940,189 ","$17,350,884 ","$2,381,780,895 ","$26,093,543 ","$8,899,443 "
Arizona State University,104151,2022,Football Bowl Subdivision,Pacific-12 Conference,"$124,008,192 ",$0 ,"$9,227,304 ","$2,367,604 ","$1,679,756 ","$1,269,014 ","$14,394,199 ","$29,507,344 ","$24,802,737 ","$23,658,668 ","$17,101,566 ","$2,381,780,895 ","$39,264,216 ","$9,306,528 "
Auburn University,100858,2018,Football Bowl Subdivision,Southeastern Conference,"$139,798,191 ",$0 ,"$16,455,196 ","$935,294 ","$3,887,937 ","$2,083,737 ","$12,219,736 ","$30,525,669 ","$27,013,672 ","$29,678,643 ","$16,998,307 ","$892,070,562 ","$44,380,720 ","$14,947,760 "
Auburn University,100858,2019,Football Bowl Subdivision,Southeastern Conference,"$139,260,711 ",$0 ,"$19,870,195 ","$898,864 ","$4,125,450 ","$2,188,165 ","$11,338,056 ","$30,341,734 ","$28,118,468 ","$26,081,957 ","$16,297,822 ","$853,813,258 ","$47,846,261 ","$15,129,979 "
Auburn University,100858,2020,Football Bowl Subdivision,Southeastern Conference,"$135,816,431 ",$0 ,"$13,549,757 ","$823,611 ","$5,096,579 ","$1,702,093 ","$10,108,053 ","$31,298,623 ","$29,178,886 ","$26,538,147 ","$17,520,682 ","$877,317,546 ","$45,953,518 ","$14,673,550 "
Auburn University,100858,2021,Football Bowl Subdivision,Southeastern Conference,"$133,289,885 ",$0 ,"$6,949,671 ","$802,600 ","$360,000 ","$284,012 ","$8,471,403 ","$29,225,731 ","$29,537,173 ","$41,221,425 ","$16,437,870 ","$925,778,553 ","$51,651,240 ","$15,510,210 "
Auburn University,100858,2022,Football Bowl Subdivision,Southeastern Conference,"$151,590,763 ",$0 ,"$18,404,593 ","$1,412,131 ","$4,215,945 ","$2,730,647 ","$12,571,050 ","$33,866,857 ","$27,717,457 ","$33,633,888 ","$17,038,195 ","$925,778,553 ","$52,254,829 ","$12,663,575 "
Clemson University,217882,2018,Football Bowl Subdivision,Atlantic Coast Conference,"$118,847,123 ",$0 ,"$18,766,468 ","$590,917 ","$1,790,244 ","$2,804,471 ","$13,097,206 ","$19,348,314 ","$24,672,825 ","$21,127,696 ","$16,648,982 ","$785,376,633 ","$46,283,756 ","$15,358,458 "
Clemson University,217882,2019,Football Bowl Subdivision,Atlantic Coast Conference,"$131,978,513 ",$0 ,"$20,761,132 ","$631,322 ","$2,268,846 ","$3,286,007 ","$17,837,464 ","$19,038,595 ","$27,132,917 ","$23,398,968 ","$17,623,262 ","$825,233,018 ","$55,734,030 ","$17,400,171 "
Clemson University,217882,2020,Football Bowl Subdivision,Atlantic Coast Conference,"$131,781,294 ",$0 ,"$19,357,407 ","$851,306 ","$2,023,443 ","$2,350,773 ","$16,085,709 ","$19,934,213 ","$26,941,535 ","$26,091,121 ","$18,145,787 ","$893,438,281 ","$55,990,849 ","$16,823,127 "
Clemson University,217882,2021,Football Bowl Subdivision,Atlantic Coast Conference,"$117,413,403 ",$0 ,"$14,891,113 ","$1,139,375 ","$607,900 ","$297,097 ","$10,211,060 ","$18,675,052 ","$26,761,504 ","$26,658,015 ","$18,172,287 ","$888,610,699 ","$47,981,806 ","$16,634,006 "
Clemson University,217882,2022,Football Bowl Subdivision,Atlantic Coast Conference,"$143,356,820 ",$0 ,"$23,670,791 ","$1,686,321 ","$3,252,500 ","$4,315,503 ","$14,045,777 ","$21,302,957 ","$25,363,940 ","$30,384,716 ","$19,334,315 ","$888,610,699 ","$54,915,721 ","$14,367,096 "
Florida State University,134097,2018,Football Bowl Subdivision,Atlantic Coast Conference,"$158,375,459 ",$0 ,"$44,826,105 ","$2,198,534 ","$2,622,781 ","$2,557,066 ","$19,890,363 ","$24,770,733 ","$29,153,981 ","$20,928,002 ","$11,427,894 ","$1,076,182,301 ","$57,509,044 ","$15,995,182 "
Florida State University,134097,2019,Football Bowl Subdivision,Atlantic Coast Conference,"$150,147,316 ",$0 ,"$32,620,136 ","$1,988,331 ","$3,259,159 ","$2,591,887 ","$13,456,706 ","$39,044,763 ","$24,261,138 ","$21,622,391 ","$11,302,805 ","$1,093,742,138 ","$47,472,432 ","$10,888,781 "
Florida State University,134097,2020,Football Bowl Subdivision,Atlantic Coast Conference,"$155,656,855 ",$0 ,"$24,950,662 ","$1,753,872 ","$3,163,301 ","$1,832,367 ","$10,619,570 ","$36,696,120 ","$25,726,647 ","$39,410,619 ","$11,503,697 ","$1,132,086,363 ","$67,663,922 ","$13,383,861 "
Florida State University,134097,2021,Football Bowl Subdivision,Atlantic Coast Conference,"$121,923,106 ",$0 ,"$28,963,468 ","$1,788,055 ","$504,343 ","$286,103 ","$7,276,189 ","$30,379,007 ","$20,122,052 ","$22,142,112 ","$10,461,777 ","$1,221,472,774 ","$36,751,494 ","$9,491,573 "
Florida State University,134097,2022,Football Bowl Subdivision,Atlantic Coast Conference,"$150,777,734 ",$0 ,"$34,813,122 ","$1,812,040 ","$2,443,718 ","$1,619,148 ","$12,546,828 ","$38,252,948 ","$25,612,597 ","$22,887,687 ","$10,789,646 ","$1,221,472,774 ","$54,558,109 ","$12,633,848 "
Georgia Institute of Technology,139755,2018,Football Bowl Subdivision,Atlantic Coast Conference,"$88,517,077 ",$0 ,"$4,609,919 ","$993,461 ","$4,291,454 ","$1,313,034 ","$7,456,538 ","$27,554,355 ","$14,132,322 ","$16,776,881 ","$11,389,113 ","$1,552,339,985 ","$25,306,907 ","$6,827,760 "
Georgia Institute of Technology,139755,2019,Football Bowl Subdivision,Atlantic Coast Conference,"$96,334,831 ",$0 ,"$2,982,154 ","$872,768 ","$2,054,432 ","$1,851,809 ","$9,510,579 ","$31,669,843 ","$19,071,031 ","$16,452,287 ","$11,869,928 ","$1,658,018,050 ","$31,058,130 ","$11,424,116 "
Georgia Institute of Technology,139755,2020,Football Bowl Subdivision,Atlantic Coast Conference,"$96,137,132 ",$0 ,"$5,603,103 ","$1,251,487 ","$1,439,426 ","$1,512,262 ","$9,631,166 ","$30,336,685 ","$16,375,978 ","$17,970,036 ","$12,016,989 ","$1,811,785,538 ","$27,200,382 ","$7,664,725 "
Georgia Institute of Technology,139755,2021,Football Bowl Subdivision,Atlantic Coast Conference,"$85,999,316 ",$0 ,"$4,155,528 ","$2,022,587 ","$384,000 ","$410,880 ","$7,980,569 ","$29,905,564 ","$15,663,757 ","$13,951,321 ","$11,525,110 ","$1,835,936,268 ","$19,854,441 ","$7,434,688 "
Georgia Institute of Technology,139755,2022,Football Bowl Subdivision,Atlantic Coast Conference,"$104,719,581 ",$0 ,"$7,168,136 ","$1,773,295 ","$3,050,064 ","$1,940,118 ","$10,878,830 ","$32,009,457 ","$18,842,872 ","$15,712,415 ","$13,344,394 ","$1,835,936,268 ","$26,494,520 ","$8,423,339 "
Indiana University-Bloomington,151351,2018,Football Bowl Subdivision,Big Ten Conference,"$116,277,652 ",$0 ,"$9,409,612 ","$1,840,505 ","$4,861,956 ","$2,125,054 ","$10,144,041 ","$30,293,978 ","$18,865,549 ","$22,615,842 ","$16,121,115 ","$1,200,157,478 ","$24,519,779 ","$6,395,319 "
Indiana University-Bloomington,151351,2019,Football Bowl Subdivision,Big Ten Conference,"$114,822,135 ",$0 ,"$9,375,794 ","$1,808,355 ","$4,628,094 ","$2,510,430 ","$11,264,912 ","$26,332,738 ","$20,362,015 ","$22,161,033 ","$16,378,764 ","$1,340,877,952 ","$24,377,368 ","$7,034,578 "
Indiana University-Bloomington,151351,2020,Football Bowl Subdivision,Big Ten Conference,"$120,289,560 ",$0 ,"$8,875,168 ","$1,856,859 ","$4,048,152 ","$1,635,314 ","$11,520,602 ","$27,621,638 ","$23,700,060 ","$23,926,450 ","$17,105,317 ","$1,421,227,887 ","$29,551,780 ","$9,948,467 "
Indiana University-Bloomington,151351,2021,Football Bowl Subdivision,Big Ten Conference,"$102,582,541 ",$0 ,"$5,666,278 ","$1,992,305 ","$793,275 ","$169,761 ","$8,439,871 ","$22,437,417 ","$23,362,068 ","$22,202,729 ","$17,518,837 ","$1,369,905,248 ","$23,938,872 ","$9,500,831 "
Indiana University-Bloomington,151351,2022,Football Bowl Subdivision,Big Ten Conference,"$132,392,596 ",$0 ,"$6,304,122 ","$2,002,772 ","$5,125,868 ","$2,232,533 ","$12,286,304 ","$35,409,254 ","$24,817,011 ","$26,766,349 ","$17,448,383 ","$1,369,905,248 ","$31,835,580 ","$10,861,709 "
Iowa State University,153603,2018,Football Bowl Subdivision,Big 12 Conference,"$88,670,048 ",$0 ,"$13,340,619 ","$979,123 ","$1,045,047 ","$2,038,311 ","$9,387,349 ","$24,893,380 ","$15,224,458 ","$12,659,831 ","$9,101,930 ","$990,559,085 ","$23,844,836 ","$6,915,144 "
Iowa State University,153603,2019,Football Bowl Subdivision,Big 12 Conference,"$95,315,376 ",$0 ,"$15,037,553 ","$943,486 ","$1,255,639 ","$1,883,866 ","$10,867,064 ","$24,378,769 ","$17,622,054 ","$13,808,662 ","$9,518,283 ","$1,008,204,872 ","$27,246,224 ","$8,972,245 "
Iowa State University,153603,2020,Football Bowl Subdivision,Big 12 Conference,"$90,285,606 ",$0 ,"$10,978,871 ","$889,148 ","$2,143,782 ","$1,344,222 ","$9,607,472 ","$23,053,036 ","$18,429,163 ","$14,299,603 ","$9,540,309 ","$1,010,741,700 ","$29,708,542 ","$9,316,913 "
Iowa State University,153603,2021,Football Bowl Subdivision,Big 12 Conference,"$89,008,720 ",$0 ,"$8,142,868 ","$1,920,069 ","$522,041 ","$457,899 ","$6,433,346 ","$21,819,647 ","$17,539,976 ","$22,542,568 ","$9,630,306 ","$1,005,274,936 ","$24,085,630 ","$9,251,367 "
Iowa State University,153603,2022,Football Bowl Subdivision,Big 12 Conference,"$111,227,458 ",$0 ,"$14,573,553 ","$760,382 ","$1,339,119 ","$1,629,048 ","$10,878,442 ","$35,744,096 ","$19,215,272 ","$17,242,773 ","$9,844,773 ","$1,005,274,936 ","$28,664,216 ","$10,345,491 "
Kansas State University,155399,2018,Football Bowl Subdivision,Big 12 Conference,"$77,633,258 ",$0 ,"$11,493,660 ","$1,069,619 ","$2,222,374 ","$1,391,023 ","$10,128,051 ","$11,552,888 ","$15,954,083 ","$14,837,800 ","$8,983,760 ","$715,308,180 ","$19,996,794 ","$7,673,393 "
Kansas State University,155399,2019,Football Bowl Subdivision,Big 12 Conference,"$83,079,244 ",$0 ,"$11,914,541 ","$1,032,284 ","$2,112,722 ","$1,881,111 ","$9,257,949 ","$12,351,558 ","$16,475,868 ","$19,359,416 ","$8,693,795 ","$732,578,574 ","$28,123,254 ","$7,176,295 "
Kansas State University,155399,2020,Football Bowl Subdivision,Big 12 Conference,"$79,785,896 ",$0 ,"$11,127,275 ","$1,096,913 ","$1,849,097 ","$1,580,120 ","$9,869,281 ","$11,913,485 ","$16,703,702 ","$17,490,729 ","$8,155,294 ","$721,038,000 ","$27,385,808 ","$7,936,600 "
Kansas State University,155399,2021,Football Bowl Subdivision,Big 12 Conference,"$87,729,711 ",$0 ,"$9,374,785 ","$1,346,334 ","$1,290,730 ","$524,634 ","$6,482,104 ","$29,672,593 ","$14,280,438 ","$17,036,780 ","$7,721,313 ","$690,255,523 ","$17,527,638 ","$6,621,232 "
Kansas State University,155399,2022,Football Bowl Subdivision,Big 12 Conference,"$82,220,606 ",$0 ,"$12,272,102 ","$1,229,144 ","$2,255,553 ","$1,791,591 ","$10,611,133 ","$10,391,043 ","$17,963,261 ","$16,270,825 ","$9,435,954 ","$690,255,523 ","$24,148,400 ","$8,405,778 "
Louisiana State University and Agricultural & Mechanical College,159391,2018,Football Bowl Subdivision,Southeastern Conference,"$145,351,316 ","$7,899,796 ","$22,562,101 ","$967,368 ","$3,101,065 ","$2,661,602 ","$15,657,345 ","$28,787,041 ","$26,957,740 ","$20,785,856 ","$15,971,402 ","$955,346,127 ","$31,561,996 ","$12,727,009 "
Louisiana State University and Agricultural & Mechanical College,159391,2019,Football Bowl Subdivision,Southeastern Conference,"$157,925,522 ","$8,947,642 ","$25,491,472 ","$1,072,347 ","$4,070,657 ","$3,200,886 ","$18,731,643 ","$26,636,568 ","$28,897,786 ","$23,725,917 ","$17,150,604 ","$923,852,059 ","$35,319,160 ","$13,353,587 "
Louisiana State University and Agricultural & Mechanical College,159391,2020,Football Bowl Subdivision,Southeastern Conference,"$164,026,005 ","$8,434,990 ","$21,411,451 ","$1,251,137 ","$3,770,454 ","$2,789,241 ","$18,406,467 ","$29,901,214 ","$33,976,175 ","$27,328,641 ","$16,756,235 ","$807,660,186 ","$41,403,966 ","$19,083,184 "
Louisiana State University and Agricultural & Mechanical College,159391,2021,Football Bowl Subdivision,Southeastern Conference,"$131,855,613 ","$340,160 ","$16,009,599 ","$5,089,783 ","$317,734 ","$610,013 ","$11,585,566 ","$24,538,221 ","$32,407,822 ","$27,346,860 ","$13,609,855 ","$895,484,874 ","$30,822,136 ","$16,501,799 "
Louisiana State University and Agricultural & Mechanical College,159391,2022,Football Bowl Subdivision,Southeastern Conference,"$197,365,660 ","$4,595,261 ","$37,951,631 ","$1,708,872 ","$5,119,525 ","$2,407,564 ","$20,415,998 ","$28,843,874 ","$43,982,836 ","$38,684,896 ","$13,655,203 ","$895,484,874 ","$59,384,456 ","$25,009,493 "
Michigan State University,171100,2018,Football Bowl Subdivision,Big Ten Conference,"$137,416,056 ",$0 ,"$12,989,983 ","$1,622,542 ","$3,045,301 ","$1,689,263 ","$15,372,528 ","$45,394,544 ","$22,898,835 ","$18,514,447 ","$15,888,613 ","$2,593,643,040 ","$38,055,535 ","$9,806,443 "
Michigan State University,171100,2019,Football Bowl Subdivision,Big Ten Conference,"$135,655,740 ",$0 ,"$13,496,228 ","$1,848,476 ","$3,920,447 ","$1,779,251 ","$18,570,737 ","$33,717,911 ","$24,781,169 ","$20,634,372 ","$16,907,149 ","$2,136,001,798 ","$37,310,953 ","$10,636,171 "
Michigan State University,171100,2020,Football Bowl Subdivision,Big Ten Conference,"$148,453,353 ",$0 ,"$15,274,056 ","$1,720,286 ","$3,391,489 ","$1,570,548 ","$14,539,591 ","$39,123,067 ","$33,396,451 ","$22,720,494 ","$16,717,371 ","$2,215,333,402 ","$48,899,016 ","$19,189,126 "
Michigan State University,171100,2021,Football Bowl Subdivision,Big Ten Conference,"$104,951,574 ",$0 ,"$5,785,291 ","$1,666,609 ","$329,520 ","$407,685 ","$4,808,773 ","$28,889,391 ","$25,147,697 ","$21,198,847 ","$16,717,761 ","$2,057,924,613 ","$28,259,575 ","$12,289,682 "
Michigan State University,171100,2022,Football Bowl Subdivision,Big Ten Conference,"$156,449,795 ",$0 ,"$10,575,442 ","$1,964,316 ","$7,022,318 ","$1,912,808 ","$15,436,374 ","$44,272,796 ","$34,708,534 ","$23,483,194 ","$17,074,013 ","$2,057,924,613 ","$51,227,199 ","$17,232,135 "
Mississippi State University,176080,2018,Football Bowl Subdivision,Southeastern Conference,"$93,573,141 ","$3,778,749 ","$9,565,836 ","$899,810 ","$1,940,898 ","$1,353,555 ","$12,638,092 ","$23,598,444 ","$17,824,878 ","$12,206,218 ","$9,766,661 ","$618,673,084 ","$23,226,169 ","$8,476,715 "
Mississippi State University,176080,2019,Football Bowl Subdivision,Southeastern Conference,"$104,198,109 ","$5,365,494 ","$8,998,473 ","$1,056,947 ","$1,902,855 ","$1,264,018 ","$13,912,034 ","$28,364,642 ","$18,981,347 ","$13,617,483 ","$10,734,816 ","$583,548,679 ","$24,026,196 ","$8,006,650 "
Mississippi State University,176080,2020,Football Bowl Subdivision,Southeastern Conference,"$108,174,698 ","$4,444,929 ","$10,563,593 ","$1,066,005 ","$2,944,019 ","$1,141,044 ","$11,750,368 ","$26,893,637 ","$19,698,082 ","$19,098,739 ","$10,574,282 ","$620,316,084 ","$30,506,616 ","$9,385,488 "
Mississippi State University,176080,2021,Football Bowl Subdivision,Southeastern Conference,"$96,298,830 ","$4,222,932 ","$8,148,224 ","$3,969,859 ","$677,666 ","$102,430 ","$8,674,136 ","$24,732,606 ","$20,281,612 ","$15,464,393 ","$10,024,972 ","$635,483,449 ","$22,941,019 ","$10,105,053 "
Mississippi State University,176080,2022,Football Bowl Subdivision,Southeastern Conference,"$108,477,381 ","$2,635,759 ","$13,785,946 ","$1,076,119 ","$1,940,477 ","$1,567,590 ","$12,733,353 ","$23,805,800 ","$23,000,678 ","$17,246,131 ","$10,685,528 ","$635,483,449 ","$29,095,668 ","$12,188,752 "
North Carolina State University at Raleigh,199193,2018,Football Bowl Subdivision,Atlantic Coast Conference,"$86,756,449 ",$0 ,"$7,911,371 ","$1,433,501 ","$1,927,096 ","$1,781,451 ","$11,446,379 ","$12,534,291 ","$19,025,098 ","$17,545,735 ","$13,151,527 ","$1,244,580,230 ","$23,852,213 ","$7,840,568 "
North Carolina State University at Raleigh,199193,2019,Football Bowl Subdivision,Atlantic Coast Conference,"$90,100,025 ",$0 ,"$10,276,573 ","$1,500,855 ","$2,505,313 ","$2,116,392 ","$11,298,846 ","$11,187,438 ","$19,882,688 ","$17,881,025 ","$13,450,895 ","$1,307,015,254 ","$25,134,249 ","$7,965,779 "
North Carolina State University at Raleigh,199193,2020,Football Bowl Subdivision,Atlantic Coast Conference,"$88,722,096 ",$0 ,"$9,584,963 ","$1,482,876 ","$2,368,992 ","$1,703,302 ","$9,064,477 ","$11,335,477 ","$19,814,666 ","$19,859,276 ","$13,508,067 ","$1,324,967,779 ","$24,254,256 ","$7,735,788 "
North Carolina State University at Raleigh,199193,2021,Football Bowl Subdivision,Atlantic Coast Conference,"$78,215,264 ",$0 ,"$7,592,015 ","$3,850,163 ","$796,812 ","$225,333 ","$6,649,173 ","$9,700,225 ","$18,817,305 ","$17,138,089 ","$13,446,149 ","$1,309,417,155 ","$21,716,372 ","$7,784,986 "
North Carolina State University at Raleigh,199193,2022,Football Bowl Subdivision,Atlantic Coast Conference,"$100,991,410 ",$0 ,"$11,918,293 ","$1,524,870 ","$3,007,922 ","$1,927,683 ","$14,040,521 ","$11,748,319 ","$24,779,120 ","$19,972,722 ","$12,071,960 ","$1,309,417,155 ","$31,884,539 ","$10,477,603 "
Oklahoma State University,207388,2018,Football Bowl Subdivision,Big 12 Conference,"$88,228,667 ",$0 ,"$13,940,309 ","$1,374,672 ","$1,146,945 ","$1,817,717 ","$11,214,258 ","$15,811,309 ","$18,373,484 ","$17,093,328 ","$7,456,645 ","$596,302,057 ","$22,467,863 ","$9,201,203 "
Oklahoma State University,207388,2019,Football Bowl Subdivision,Big 12 Conference,"$95,008,483 ",$0 ,"$11,384,709 ","$1,016,901 ","$1,979,832 ","$1,770,395 ","$11,496,039 ","$20,317,972 ","$20,571,085 ","$18,699,865 ","$7,771,685 ","$604,769,515 ","$24,289,694 ","$10,164,504 "
Oklahoma State University,207388,2020,Football Bowl Subdivision,Big 12 Conference,"$92,501,090 ",$0 ,"$10,553,547 ","$1,008,446 ","$1,127,749 ","$1,235,392 ","$10,092,448 ","$19,742,236 ","$21,292,178 ","$19,803,959 ","$7,645,135 ","$636,851,073 ","$24,398,875 ","$10,555,845 "
Oklahoma State University,207388,2021,Football Bowl Subdivision,Big 12 Conference,"$78,691,353 ",$0 ,"$7,156,042 ","$1,334,807 ","$409,163 ","$335,213 ","$6,853,272 ","$18,708,029 ","$18,622,949 ","$17,587,104 ","$7,684,774 ","$644,083,925 ","$18,693,885 ","$9,202,113 "
Oklahoma State University,207388,2022,Football Bowl Subdivision,Big 12 Conference,"$103,317,156 ",$0 ,"$11,900,093 ","$1,092,273 ","$1,541,226 ","$1,272,975 ","$13,343,210 ","$22,378,376 ","$25,149,764 ","$18,083,234 ","$8,556,005 ","$644,083,925 ","$29,271,573 ","$12,981,319 "
Oregon State University,209542,2018,Football Bowl Subdivision,Pacific-12 Conference,"$88,600,330 ",$0 ,"$12,920,236 ","$2,031,214 ","$1,659,963 ","$1,443,224 ","$7,680,769 ","$22,168,010 ","$16,083,039 ","$14,681,780 ","$9,932,095 ","$906,385,819 ","$17,323,269 ","$6,135,180 "
Oregon State University,209542,2019,Football Bowl Subdivision,Pacific-12 Conference,"$82,364,021 ",$0 ,"$10,424,966 ","$1,277,404 ","$1,271,362 ","$1,621,877 ","$9,263,287 ","$18,535,026 ","$15,845,353 ","$13,619,646 ","$10,505,100 ","$950,639,079 ","$20,107,059 ","$5,814,152 "
Oregon State University,209542,2020,Football Bowl Subdivision,Pacific-12 Conference,"$77,034,653 ",$0 ,"$10,133,427 ","$1,294,435 ","$1,822,220 ","$1,137,217 ","$6,791,673 ","$15,243,274 ","$16,114,301 ","$13,696,132 ","$10,801,974 ","$998,169,214 ","$21,931,124 ","$6,326,915 "
Oregon State University,209542,2021,Football Bowl Subdivision,Pacific-12 Conference,"$68,585,989 ",$0 ,"$10,838,433 ","$1,549,017 ","$256,372 ","$1,104,642 ","$4,384,877 ","$13,056,768 ","$15,599,718 ","$11,749,006 ","$10,047,156 ","$1,006,471,144 ","$15,023,170 ","$5,809,832 "
Oregon State University,209542,2022,Football Bowl Subdivision,Pacific-12 Conference,"$87,729,627 ",$0 ,"$10,325,308 ","$1,399,723 ","$1,674,468 ","$1,816,733 ","$11,586,012 ","$16,229,168 ","$20,272,084 ","$14,487,847 ","$9,938,284 ","$1,006,471,144 ","$22,272,842 ","$8,034,647 "
Pennsylvania State University,495767,2018,Football Bowl Subdivision,Big Ten Conference,"$155,184,697 ",$0 ,"$15,636,587 ","$2,009,560 ","$3,448,700 ","$2,708,778 ","$19,273,512 ","$35,363,980 ","$29,816,321 ","$26,666,050 ","$20,261,209 ","$2,591,113,960 ","$45,219,641 ","$14,196,742 "
Pennsylvania State University,495767,2019,Football Bowl Subdivision,Big Ten Conference,"$160,369,805 ",$0 ,"$16,118,123 ","$1,832,140 ","$2,706,470 ","$3,071,453 ","$20,398,836 ","$32,934,668 ","$32,412,937 ","$30,035,090 ","$20,860,088 ","$2,629,682,390 ","$46,240,016 ","$15,764,741 "
Pennsylvania State University,495767,2020,Football Bowl Subdivision,Big Ten Conference,"$157,908,311 ",$0 ,"$16,199,897 ","$1,848,176 ","$3,889,750 ","$2,444,161 ","$19,762,641 ","$30,672,073 ","$33,293,914 ","$28,123,851 ","$21,673,848 ","$3,400,436,000 ","$48,768,610 ","$18,482,095 "
Pennsylvania State University,495767,2021,Football Bowl Subdivision,Big Ten Conference,"$130,050,505 ",$0 ,"$11,977,948 ","$1,624,985 ","$92,000 ","$836,322 ","$7,772,950 ","$27,601,371 ","$32,123,782 ","$26,730,801 ","$21,290,346 ","$3,092,025,000 ","$36,069,157 ","$17,521,278 "
Pennsylvania State University,495767,2022,Football Bowl Subdivision,Big Ten Conference,"$170,542,050 ",$0 ,"$18,944,857 ","$2,260,502 ","$2,412,327 ","$3,154,165 ","$24,459,781 ","$32,555,142 ","$32,502,673 ","$31,890,038 ","$22,362,565 ","$3,092,025,000 ","$57,627,338 ","$16,187,012 "
Purdue University,243780,2018,Football Bowl Subdivision,Big Ten Conference,"$96,676,957 ","$1,500,000 ","$9,877,347 ","$1,098,548 ","$1,466,313 ","$1,459,650 ","$10,235,121 ","$20,399,903 ","$18,383,226 ","$20,744,312 ","$11,512,537 ","$1,621,245,218 ","$27,230,929 ","$8,563,135 "
Purdue University,243780,2019,Football Bowl Subdivision,Big Ten Conference,"$103,526,477 ","$1,500,000 ","$11,541,126 ","$1,299,233 ","$1,830,437 ","$1,881,065 ","$11,103,629 ","$21,962,682 ","$21,495,870 ","$19,462,420 ","$11,450,015 ","$1,728,058,317 ","$27,342,141 ","$10,569,672 "
Purdue University,243780,2020,Football Bowl Subdivision,Big Ten Conference,"$100,101,396 ","$1,089,364 ","$10,609,630 ","$1,397,084 ","$1,155,537 ","$1,585,612 ","$8,446,156 ","$24,108,607 ","$20,885,563 ","$19,595,282 ","$11,228,561 ","$1,696,905,855 ","$23,815,344 ","$10,669,358 "
Purdue University,243780,2021,Football Bowl Subdivision,Big Ten Conference,"$82,282,743 ",$0 ,"$5,877,497 ","$1,257,190 ","$175,179 ","$296,506 ","$4,764,904 ","$21,979,293 ","$18,616,479 ","$17,187,631 ","$12,128,064 ","$1,720,055,081 ","$18,822,482 ","$9,229,104 "
Purdue University,243780,2022,Football Bowl Subdivision,Big Ten Conference,"$93,025,810 ",$0 ,"$11,315,488 ","$1,132,363 ","$907,712 ","$1,883,962 ","$10,029,394 ","$14,632,163 ","$20,526,514 ","$20,788,382 ","$11,809,832 ","$1,720,055,081 ","$24,857,827 ","$10,074,017 "
"Rutgers, The State University of New Jersey-New Brunswick",186380,2018,Football Bowl Subdivision,Big Ten Conference,"$102,518,486 ",$0 ,"$6,499,067 ","$1,384,737 ","$2,923,728 ","$1,881,103 ","$12,217,973 ","$21,111,250 ","$18,205,764 ","$21,469,893 ","$16,824,971 ","$2,333,115,000 ","$26,868,608 ","$6,777,665 "
"Rutgers, The State University of New Jersey-New Brunswick",186380,2019,Football Bowl Subdivision,Big Ten Conference,"$103,167,344 ",$0 ,"$6,178,344 ","$1,530,659 ","$2,746,136 ","$2,064,150 ","$11,959,873 ","$23,116,101 ","$20,045,400 ","$19,965,917 ","$15,560,764 ","$2,422,076,000 ","$27,084,872 ","$7,694,112 "
"Rutgers, The State University of New Jersey-New Brunswick",186380,2020,Football Bowl Subdivision,Big Ten Conference,"$114,203,981 ",$0 ,"$7,600,720 ","$1,477,669 ","$2,904,599 ","$1,606,398 ","$11,433,885 ","$27,274,269 ","$21,471,359 ","$25,152,582 ","$15,282,500 ","$2,499,791,000 ","$33,400,119 ","$8,907,000 "
"Rutgers, The State University of New Jersey-New Brunswick",186380,2021,Football Bowl Subdivision,Big Ten Conference,"$118,394,474 ",$0 ,"$9,070,903 ","$3,037,505 ","$225,000 ","$319,228 ","$7,787,940 ","$30,279,967 ","$25,760,518 ","$24,537,073 ","$17,376,340 ","$2,398,197,000 ","$33,122,635 ","$12,187,225 "
"Rutgers, The State University of New Jersey-New Brunswick",186380,2022,Football Bowl Subdivision,Big Ten Conference,"$138,439,077 ",$0 ,"$11,580,422 ","$2,430,712 ","$1,163,331 ","$2,861,252 ","$16,295,591 ","$31,489,067 ","$30,281,436 ","$23,621,944 ","$18,715,322 ","$2,398,197,000 ","$43,644,477 ","$13,573,733 "
Texas A & M University,228723,2018,Football Bowl Subdivision,Southeastern Conference,"$165,782,418 ",$0 ,"$25,546,310 ","$851,544 ","$3,976,183 ","$3,036,727 ","$15,319,580 ","$43,515,260 ","$33,267,147 ","$29,135,776 ","$11,133,891 ","$2,614,070,380 ","$48,633,953 ","$18,667,171 "
Texas A & M University,228723,2019,Football Bowl Subdivision,Southeastern Conference,"$169,012,456 ",$0 ,"$31,607,644 ","$956,431 ","$4,437,530 ","$3,169,123 ","$16,236,603 ","$45,159,924 ","$32,811,463 ","$23,284,272 ","$11,349,466 ","$2,716,218,672 ","$42,803,202 ","$17,610,204 "
Texas A & M University,228723,2020,Football Bowl Subdivision,Southeastern Conference,"$159,136,624 ",$0 ,"$22,932,932 ","$1,077,065 ","$3,524,469 ","$2,565,646 ","$13,397,054 ","$45,953,685 ","$32,899,762 ","$25,419,268 ","$11,366,743 ","$2,973,594,196 ","$40,626,376 ","$17,284,934 "
Texas A & M University,228723,2021,Football Bowl Subdivision,Southeastern Conference,"$141,824,256 ",$0 ,"$19,037,073 ","$1,159,128 ","$705,260 ","$1,008,816 ","$11,439,916 ","$38,941,845 ","$31,470,601 ","$25,658,245 ","$12,403,372 ","$2,958,908,504 ","$36,655,978 ","$16,486,754 "
Texas A & M University,228723,2022,Football Bowl Subdivision,Southeastern Conference,"$177,671,900 ",$0 ,"$29,512,890 ","$1,618,038 ","$4,318,979 ","$5,016,633 ","$18,859,901 ","$40,080,833 ","$36,100,612 ","$28,531,074 ","$13,632,940 ","$2,958,908,504 ","$46,083,050 ","$17,153,655 "
Texas Tech University,229115,2018,Football Bowl Subdivision,Big 12 Conference,"$88,948,721 ",$0 ,"$7,184,724 ","$1,208,436 ","$2,081,315 ","$1,833,803 ","$11,748,309 ","$21,634,267 ","$17,447,961 ","$18,408,838 ","$7,401,068 ","$715,104,241 ","$29,439,201 ","$7,329,092 "
Texas Tech University,229115,2019,Football Bowl Subdivision,Big 12 Conference,"$95,132,604 ",$0 ,"$8,663,738 ","$1,377,665 ","$1,816,401 ","$2,521,866 ","$13,941,298 ","$19,278,899 ","$19,324,773 ","$20,928,723 ","$7,279,241 ","$758,015,208 ","$30,371,142 ","$7,046,455 "
Texas Tech University,229115,2020,Football Bowl Subdivision,Big 12 Conference,"$88,327,973 ",$0 ,"$6,293,056 ","$1,742,559 ","$1,772,917 ","$1,645,448 ","$10,298,445 ","$16,563,764 ","$20,630,644 ","$22,441,767 ","$6,939,373 ","$781,339,658 ","$29,303,767 ","$7,439,267 "
Texas Tech University,229115,2021,Football Bowl Subdivision,Big 12 Conference,"$83,873,438 ",$0 ,"$5,675,286 ","$2,934,904 ","$1,085,414 ","$1,349,849 ","$8,606,796 ","$17,139,107 ","$18,409,289 ","$20,725,894 ","$7,946,899 ","$791,783,851 ","$27,570,003 ","$7,611,189 "
Texas Tech University,229115,2022,Football Bowl Subdivision,Big 12 Conference,"$104,778,443 ",$0 ,"$8,331,787 ","$1,903,332 ","$3,037,217 ","$2,831,437 ","$14,937,163 ","$20,102,185 ","$21,905,937 ","$24,004,086 ","$7,725,299 ","$791,783,851 ","$35,152,808 ","$10,350,702 "
The Ohio State University,204796,2018,Football Bowl Subdivision,Big Ten Conference,"$206,472,651 ","$2,662,936 ","$18,470,994 ","$1,468,239 ","$4,103,107 ","$2,819,239 ","$21,901,557 ","$51,752,236 ","$40,242,782 ","$41,746,083 ","$21,305,478 ","$2,546,641,701 ","$46,076,280 ","$16,917,895 "
The Ohio State University,204796,2019,Football Bowl Subdivision,Big Ten Conference,"$223,605,396 ","$3,032,440 ","$19,238,337 ","$1,954,617 ","$9,584,388 ","$2,862,134 ","$25,904,379 ","$59,888,210 ","$40,841,386 ","$38,228,949 ","$22,070,556 ","$2,620,293,975 ","$60,076,743 ","$20,996,858 "
The Ohio State University,204796,2020,Football Bowl Subdivision,Big Ten Conference,"$218,651,265 ","$3,441,699 ","$16,685,097 ","$2,258,973 ","$9,060,132 ","$2,015,358 ","$21,365,613 ","$63,484,310 ","$38,088,890 ","$40,726,739 ","$21,524,454 ","$2,765,382,324 ","$52,616,230 ","$18,058,007 "
The Ohio State University,204796,2021,Football Bowl Subdivision,Big Ten Conference,"$171,618,051 ","$1,066,131 ","$12,472,199 ","$2,313,462 ","$226,726 ","$578,953 ","$9,503,467 ","$53,875,771 ","$39,519,318 ","$31,437,418 ","$20,624,606 ","$2,789,544,210 ","$45,176,147 ","$20,937,472 "
The Ohio State University,204796,2022,Football Bowl Subdivision,Big Ten Conference,"$227,906,141 ","$2,172,723 ","$22,615,171 ","$2,763,025 ","$11,823,427 ","$3,384,022 ","$23,539,427 ","$53,312,105 ","$43,980,269 ","$39,751,315 ","$24,564,657 ","$2,789,544,210 ","$69,127,911 ","$22,391,383 "
The University of Alabama,100751,2018,Football Bowl Subdivision,Southeastern Conference,"$166,533,013 ",$0 ,"$19,924,125 ","$3,090,576 ","$4,166,549 ","$3,310,990 ","$23,563,927 ","$37,408,509 ","$27,979,991 ","$30,346,586 ","$16,741,760 ","$847,327,754 ","$62,944,471 ","$15,299,757 "
The University of Alabama,100751,2019,Football Bowl Subdivision,Southeastern Conference,"$185,317,681 ",$0 ,"$22,794,836 ","$3,296,893 ","$3,985,825 ","$4,026,525 ","$24,138,237 ","$36,842,458 ","$33,186,394 ","$38,851,455 ","$18,195,058 ","$825,114,773 ","$69,718,057 ","$20,006,173 "
The University of Alabama,100751,2020,Football Bowl Subdivision,Southeastern Conference,"$173,141,125 ",$0 ,"$23,326,967 ","$3,022,769 ","$4,583,000 ","$3,396,572 ","$16,434,314 ","$40,068,942 ","$31,908,828 ","$33,034,035 ","$17,365,698 ","$800,754,778 ","$58,508,851 ","$19,752,703 "
The University of Alabama,100751,2021,Football Bowl Subdivision,Southeastern Conference,"$170,191,728 ",$0 ,"$16,226,624 ","$7,689,965 ","$306,433 ","$734,399 ","$15,338,497 ","$42,620,876 ","$36,509,164 ","$32,282,932 ","$18,482,838 ","$852,683,823 ","$59,515,883 ","$23,115,254 "
The University of Alabama,100751,2022,Football Bowl Subdivision,Southeastern Conference,"$195,881,911 ",$0 ,"$25,910,952 ","$4,028,239 ","$4,963,000 ","$3,824,089 ","$23,426,924 ","$42,823,378 ","$37,062,029 ","$34,890,982 ","$18,952,318 ","$852,683,823 ","$78,521,050 ","$22,576,651 "
The University of Tennessee,221759,2018,Football Bowl Subdivision,Southeastern Conference,"$150,030,497 ",$0 ,"$17,918,585 ","$1,611,841 ","$3,120,400 ","$3,220,244 ","$13,242,893 ","$35,004,293 ","$21,843,304 ","$39,538,282 ","$14,530,655 ","$1,018,101,765 ","$58,832,994 ","$10,203,236 "
The University of Tennessee,221759,2019,Football Bowl Subdivision,Southeastern Conference,"$142,976,173 ",$0 ,"$18,110,184 ","$1,924,817 ","$4,029,526 ","$3,823,143 ","$14,099,943 ","$33,819,969 ","$24,636,613 ","$27,209,337 ","$15,322,641 ","$1,066,749,709 ","$52,739,842 ","$10,997,829 "
The University of Tennessee,221759,2020,Football Bowl Subdivision,Southeastern Conference,"$140,824,626 ",$0 ,"$14,354,474 ","$2,069,682 ","$3,807,550 ","$2,962,606 ","$14,342,430 ","$33,945,825 ","$26,590,337 ","$27,434,014 ","$15,317,708 ","$1,051,874,228 ","$55,730,413 ","$12,391,674 "
The University of Tennessee,221759,2021,Football Bowl Subdivision,Southeastern Conference,"$132,163,159 ",$0 ,"$21,114,676 ","$3,960,136 ","$265,775 ","$476,191 ","$8,871,034 ","$24,985,340 ","$24,646,787 ","$32,051,775 ","$15,791,445 ","$1,075,714,613 ","$45,899,235 ","$10,806,841 "
The University of Tennessee,221759,2022,Football Bowl Subdivision,Southeastern Conference,"$157,108,637 ",$0 ,"$19,451,876 ","$1,888,930 ","$4,154,800 ","$4,332,770 ","$16,555,415 ","$29,923,114 ","$29,806,404 ","$32,582,973 ","$18,412,355 ","$1,075,714,613 ","$47,194,884 ","$11,135,116 "
The University of Texas at Austin,228778,2018,Football Bowl Subdivision,Big 12 Conference,"$217,327,009 ","$10,772,577 ","$25,779,186 ","$1,680,414 ","$2,157,000 ","$3,199,072 ","$20,778,855 ","$64,190,646 ","$26,211,512 ","$49,901,820 ","$12,655,927 ","$2,380,623,939 ","$40,936,348 ","$11,295,725 "
The University of Texas at Austin,228778,2019,Football Bowl Subdivision,Big 12 Conference,"$207,428,044 ","$3,193,147 ","$22,274,343 ","$2,251,372 ","$2,384,995 ","$2,833,372 ","$20,822,581 ","$67,710,775 ","$32,492,276 ","$40,380,052 ","$13,085,131 ","$2,521,305,366 ","$43,039,170 ","$15,354,854 "
The University of Texas at Austin,228778,2020,Football Bowl Subdivision,Big 12 Conference,"$178,668,974 ","$5,020,946 ","$16,989,638 ","$1,646,461 ","$3,477,245 ","$1,712,188 ","$17,826,343 ","$47,832,613 ","$34,466,544 ","$37,861,089 ","$11,835,907 ","$2,570,190,359 ","$41,849,062 ","$16,841,590 "
The University of Texas at Austin,228778,2021,Football Bowl Subdivision,Big 12 Conference,"$167,324,290 ","$6,791,622 ","$12,443,997 ","$5,306,635 ","$1,830,000 ","$1,266,974 ","$16,038,543 ","$29,821,998 ","$43,105,708 ","$38,231,224 ","$12,487,589 ","$2,626,769,815 ","$43,648,896 ","$18,126,723 "
The University of Texas at Austin,228778,2022,Football Bowl Subdivision,Big 12 Conference,"$227,240,679 ","$2,087,668 ","$23,727,499 ","$2,216,691 ","$3,696,259 ","$4,509,875 ","$25,866,462 ","$65,836,230 ","$40,679,020 ","$44,923,407 ","$13,697,568 ","$2,626,769,815 ","$51,550,666 ","$16,202,231 "
University of Arizona,104179,2018,Football Bowl Subdivision,Pacific-12 Conference,"$103,329,464 ",$0 ,"$10,217,792 ","$1,265,564 ","$1,273,050 ","$1,495,385 ","$11,674,439 ","$19,845,543 ","$20,512,373 ","$24,067,543 ","$12,977,775 ","$1,789,232,916 ","$32,500,874 ","$9,573,523 "
University of Arizona,104179,2019,Football Bowl Subdivision,Pacific-12 Conference,"$100,565,835 ",$0 ,"$10,253,351 ","$1,366,986 ","$2,288,318 ","$1,822,466 ","$11,651,597 ","$24,889,302 ","$17,674,235 ","$17,187,551 ","$13,432,029 ","$1,883,804,412 ","$22,568,496 ","$6,429,607 "
University of Arizona,104179,2020,Football Bowl Subdivision,Pacific-12 Conference,"$101,084,625 ",$0 ,"$10,513,578 ","$1,270,391 ","$1,678,100 ","$1,475,592 ","$10,940,395 ","$24,914,213 ","$19,497,012 ","$17,745,141 ","$13,050,203 ","$1,931,396,117 ","$22,116,726 ","$7,419,804 "
University of Arizona,104179,2021,Football Bowl Subdivision,Pacific-12 Conference,"$93,431,241 ",$0 ,"$7,548,026 ","$792,229 ","$529,000 ","$589,862 ","$5,460,458 ","$14,245,558 ","$33,717,355 ","$16,557,611 ","$13,991,142 ","$1,903,654,000 ","$25,867,931 ","$15,423,024 "
University of Arizona,104179,2022,Football Bowl Subdivision,Pacific-12 Conference,"$124,944,926 ",$0 ,"$13,866,010 ","$1,144,200 ","$1,842,910 ","$2,594,234 ","$14,101,997 ","$35,174,017 ","$22,395,123 ","$19,996,951 ","$13,829,484 ","$1,903,654,000 ","$26,564,749 ","$7,975,292 "
University of Arkansas,106397,2018,Football Bowl Subdivision,Southeastern Conference,"$127,369,722 ",$0 ,"$19,171,204 ","$1,643,439 ","$4,673,531 ","$2,394,790 ","$12,988,212 ","$24,861,521 ","$23,032,684 ","$26,020,482 ","$12,583,859 ","$704,147,312 ","$44,632,636 ","$11,259,970 "
University of Arkansas,106397,2019,Football Bowl Subdivision,Southeastern Conference,"$129,620,361 ",$0 ,"$18,726,922 ","$1,882,493 ","$3,932,599 ","$3,275,057 ","$14,305,741 ","$27,778,293 ","$22,279,911 ","$24,675,357 ","$12,763,988 ","$744,396,445 ","$43,162,670 ","$9,895,174 "
University of Arkansas,106397,2020,Football Bowl Subdivision,Southeastern Conference,"$123,857,351 ",$0 ,"$14,829,673 ","$1,614,146 ","$4,908,585 ","$1,944,282 ","$10,796,819 ","$28,711,691 ","$22,748,923 ","$25,335,151 ","$12,968,081 ","$743,073,948 ","$43,552,585 ","$9,745,924 "
University of Arkansas,106397,2021,Football Bowl Subdivision,Southeastern Conference,"$111,597,676 ",$0 ,"$12,924,509 ","$4,067,897 ","$704,390 ","$383,920 ","$11,825,959 ","$18,476,969 ","$22,495,172 ","$28,581,663 ","$12,137,197 ","$732,676,526 ","$34,383,743 ","$9,909,013 "
University of Arkansas,106397,2022,Football Bowl Subdivision,Southeastern Conference,"$144,319,041 ",$0 ,"$14,568,015 ","$1,391,696 ","$4,808,748 ","$2,262,001 ","$20,310,196 ","$30,811,116 ","$27,798,915 ","$26,925,021 ","$15,443,333 ","$732,676,526 ","$46,994,950 ","$12,296,748 "
University of California-Berkeley,110635,2018,Football Bowl Subdivision,Pacific-12 Conference,"$110,558,630 ",$0 ,"$8,376,424 ","$2,367,772 ","$1,869,289 ","$1,397,437 ","$10,921,872 ","$31,934,618 ","$18,704,642 ","$21,958,424 ","$13,028,152 ","$2,366,464,129 ","$39,569,523 ","$6,271,723 "
University of California-Berkeley,110635,2019,Football Bowl Subdivision,Pacific-12 Conference,"$106,676,734 ",$0 ,"$10,179,702 ","$2,656,264 ","$1,391,181 ","$1,769,353 ","$12,938,741 ","$21,116,468 ","$21,794,076 ","$22,821,286 ","$12,009,663 ","$2,494,159,305 ","$36,251,313 ","$8,606,742 "
University of California-Berkeley,110635,2020,Football Bowl Subdivision,Pacific-12 Conference,"$101,829,452 ",$0 ,"$9,578,485 ","$2,402,473 ","$1,110,748 ","$1,424,911 ","$10,971,248 ","$19,373,969 ","$21,197,161 ","$24,864,110 ","$10,906,347 ","$2,713,757,977 ","$31,223,684 ","$8,334,005 "
University of California-Berkeley,110635,2021,Football Bowl Subdivision,Pacific-12 Conference,"$88,539,090 ",$0 ,"$6,922,065 ","$2,723,819 ","$200,188 ","$364,684 ","$5,443,355 ","$16,590,007 ","$21,973,516 ","$23,522,724 ","$10,798,732 ","$2,686,247,463 ","$24,188,678 ","$8,860,768 "
University of California-Berkeley,110635,2022,Football Bowl Subdivision,Pacific-12 Conference,"$114,485,848 ",$0 ,"$10,433,688 ","$3,156,284 ","$1,790,755 ","$2,058,379 ","$13,094,264 ","$20,465,159 ","$24,104,486 ","$26,254,095 ","$13,128,738 ","$2,686,247,463 ","$34,014,921 ","$10,019,480 "
University of California-Los Angeles,110662,2018,Football Bowl Subdivision,Pacific-12 Conference,"$130,960,560 ",$0 ,"$19,321,534 ","$990,900 ","$1,596,000 ","$1,620,167 ","$16,919,319 ","$18,319,503 ","$23,361,458 ","$34,295,519 ","$14,536,160 ","$4,513,846,740 ","$37,702,515 ",
University of California-Los Angeles,110662,2019,Football Bowl Subdivision,Pacific-12 Conference,"$127,339,042 ",$0 ,"$19,523,476 ","$1,088,519 ","$1,849,196 ","$1,737,627 ","$17,094,235 ","$17,507,178 ","$25,745,926 ","$26,968,731 ","$15,824,154 ","$5,050,971,181 ","$35,463,069 ","$8,755,561 "
University of California-Los Angeles,110662,2020,Football Bowl Subdivision,Pacific-12 Conference,"$119,391,431 ",$0 ,"$17,410,935 ","$1,003,608 ","$1,658,000 ","$1,329,374 ","$14,800,967 ","$17,964,972 ","$25,294,374 ","$24,147,842 ","$15,781,359 ","$5,506,223,182 ","$32,311,478 ","$9,351,025 "
University of California-Los Angeles,110662,2021,Football Bowl Subdivision,Pacific-12 Conference,"$110,128,961 ",$0 ,"$10,298,744 ","$1,311,829 ","$235,000 ","$263,312 ","$8,023,720 ","$25,232,357 ","$26,662,653 ","$22,400,036 ","$15,701,310 ","$5,829,196,611 ","$25,941,456 ","$11,224,172 "
University of California-Los Angeles,110662,2022,Football Bowl Subdivision,Pacific-12 Conference,"$131,106,913 ",$0 ,"$13,498,809 ","$1,343,523 ","$2,880,000 ","$1,752,172 ","$18,852,386 ","$26,693,037 ","$27,166,523 ","$22,756,520 ","$16,163,943 ","$5,829,196,611 ","$36,989,741 ","$11,113,087 "
University of Colorado Boulder,126614,2018,Football Bowl Subdivision,Pacific-12 Conference,"$89,826,611 ",$0 ,"$9,478,733 ","$1,151,183 ","$247,500 ","$1,144,052 ","$7,757,910 ","$26,947,666 ","$16,919,621 ","$14,693,779 ","$11,486,167 ","$1,375,281,955 ","$22,082,240 ","$9,744,982 "
University of Colorado Boulder,126614,2019,Football Bowl Subdivision,Pacific-12 Conference,"$98,413,284 ",$0 ,"$10,715,427 ","$1,282,127 ","$933,903 ","$1,341,699 ","$7,266,840 ","$24,852,598 ","$16,578,878 ","$23,636,965 ","$11,804,847 ","$1,427,560,182 ","$29,642,881 ","$8,338,928 "
University of Colorado Boulder,126614,2020,Football Bowl Subdivision,Pacific-12 Conference,"$91,182,106 ",$0 ,"$9,349,629 ","$1,308,353 ","$1,154,521 ","$870,670 ","$6,577,141 ","$27,480,773 ","$15,894,550 ","$16,634,240 ","$11,912,229 ","$1,481,238,655 ","$22,703,444 ","$8,831,931 "
University of Colorado Boulder,126614,2021,Football Bowl Subdivision,Pacific-12 Conference,"$64,551,755 ",$0 ,"$6,192,814 ","$1,952,154 ","$72,037 ","$328,983 ","$3,973,769 ","$11,641,484 ","$13,664,776 ","$14,518,174 ","$12,207,564 ","$1,470,045,267 ","$17,520,552 ","$7,422,670 "
University of Colorado Boulder,126614,2022,Football Bowl Subdivision,Pacific-12 Conference,"$95,968,696 ",$0 ,"$12,570,100 ","$1,762,088 ","$2,675,007 ","$1,247,057 ","$8,234,663 ","$21,592,591 ","$16,592,504 ","$19,174,865 ","$12,119,821 ","$1,470,045,267 ","$25,533,983 ","$8,411,908 "
University of Florida,134130,2018,Football Bowl Subdivision,Southeastern Conference,"$149,144,376 ",$0 ,"$9,591,474 ","$2,241,940 ","$3,323,758 ","$2,329,421 ","$17,131,646 ","$28,194,921 ","$26,133,301 ","$46,451,148 ","$13,746,767 ","$2,833,496,000 ","$47,767,368 ","$10,784,446 "
University of Florida,134130,2019,Football Bowl Subdivision,Southeastern Conference,"$141,829,002 ",$0 ,"$10,399,623 ","$2,142,556 ","$4,145,113 ","$2,528,828 ","$17,925,127 ","$28,996,728 ","$28,165,174 ","$33,544,262 ","$13,981,591 ","$2,999,706,000 ","$39,499,666 ","$13,370,864 "
University of Florida,134130,2020,Football Bowl Subdivision,Southeastern Conference,"$139,935,182 ",$0 ,"$8,316,287 ","$2,249,761 ","$2,007,008 ","$1,963,342 ","$15,744,821 ","$31,752,763 ","$30,021,603 ","$34,786,660 ","$13,092,937 ","$3,106,276,000 ","$37,611,099 ","$14,477,642 "
University of Florida,134130,2021,Football Bowl Subdivision,Southeastern Conference,"$123,298,839 ",$0 ,"$9,555,187 ","$1,948,928 ","$246,325 ","$649,215 ","$11,422,532 ","$26,863,932 ","$26,738,214 ","$33,018,109 ","$12,856,397 ","$3,138,079,000 ","$29,789,919 ","$13,156,357 "
University of Florida,134130,2022,Football Bowl Subdivision,Southeastern Conference,"$174,365,070 ",$0 ,"$10,780,686 ","$2,406,551 ","$3,276,612 ","$2,966,896 ","$18,223,277 ","$32,643,108 ","$32,184,619 ","$57,626,925 ","$14,256,396 ","$3,138,079,000 ","$61,244,174 ","$16,051,171 "
University of Georgia,139959,2018,Football Bowl Subdivision,Southeastern Conference,"$134,965,406 ","$1,023,821 ","$16,246,587 ","$3,482,014 ","$2,005,150 ","$3,990,422 ","$18,319,425 ","$25,788,164 ","$27,258,747 ","$24,897,243 ","$11,953,833 ","$1,334,408,336 ","$44,909,546 ","$14,697,659 "
University of Georgia,139959,2019,Football Bowl Subdivision,Southeastern Conference,"$144,790,704 ","$1,491,150 ","$18,604,247 ","$2,392,587 ","$4,541,000 ","$5,172,890 ","$17,345,729 ","$29,019,685 ","$29,056,277 ","$25,531,105 ","$11,636,034 ","$1,451,554,814 ","$49,207,807 ","$15,619,008 "
University of Georgia,139959,2020,Football Bowl Subdivision,Southeastern Conference,"$140,529,409 ","$1,771,518 ","$17,564,930 ","$2,098,332 ","$4,823,800 ","$3,829,326 ","$15,832,979 ","$26,165,417 ","$29,945,795 ","$27,699,446 ","$10,797,866 ","$1,504,089,478 ","$48,501,193 ","$16,457,087 "
University of Georgia,139959,2021,Football Bowl Subdivision,Southeastern Conference,"$124,113,714 ","$1,390,821 ","$16,872,499 ","$2,218,370 ","$444,200 ","$940,535 ","$9,902,389 ","$24,155,796 ","$29,771,677 ","$26,486,546 ","$11,930,881 ","$1,441,706,221 ","$36,192,952 ","$16,021,581 "
University of Georgia,139959,2022,Football Bowl Subdivision,Southeastern Conference,"$169,995,701 ","$969,198 ","$21,446,772 ","$2,446,508 ","$3,165,100 ","$6,294,697 ","$21,269,124 ","$28,603,881 ","$40,276,849 ","$33,646,472 ","$11,877,100 ","$1,441,706,221 ","$61,722,123 ","$22,093,910 "
University of Illinois Urbana-Champaign,145637,2018,Football Bowl Subdivision,Big Ten Conference,"$108,696,540 ",$0 ,"$12,438,426 ","$997,889 ","$2,695,982 ","$2,069,031 ","$8,047,254 ","$27,609,302 ","$19,975,276 ","$22,154,340 ","$12,709,040 ","$2,500,245,599 ","$22,235,743 ","$8,025,468 "
University of Illinois Urbana-Champaign,145637,2019,Football Bowl Subdivision,Big Ten Conference,"$120,168,951 ",$0 ,"$15,465,385 ","$1,123,385 ","$2,521,174 ","$2,271,459 ","$9,053,380 ","$31,627,237 ","$20,507,183 ","$24,386,412 ","$13,213,336 ","$2,276,947,638 ","$23,434,155 ","$8,413,714 "
University of Illinois Urbana-Champaign,145637,2020,Football Bowl Subdivision,Big Ten Conference,"$121,638,435 ",$0 ,"$14,784,186 ","$932,847 ","$3,023,500 ","$1,815,731 ","$9,830,904 ","$31,406,858 ","$21,761,819 ","$25,065,112 ","$13,017,478 ","$2,430,290,733 ","$26,687,668 ","$8,919,449 "
University of Illinois Urbana-Champaign,145637,2021,Football Bowl Subdivision,Big Ten Conference,"$102,006,085 ",$0 ,"$6,004,922 ","$866,379 ","$242,511 ","$679,690 ","$5,644,216 ","$30,099,600 ","$22,159,720 ","$24,619,069 ","$11,689,978 ","$2,823,290,738 ","$21,381,419 ","$9,324,510 "
University of Illinois Urbana-Champaign,145637,2022,Football Bowl Subdivision,Big Ten Conference,"$129,119,247 ",$0 ,"$15,531,327 ","$1,393,949 ","$2,838,800 ","$2,376,468 ","$8,138,701 ","$31,349,589 ","$25,956,291 ","$29,026,507 ","$12,507,615 ","$2,823,290,738 ","$29,035,739 ","$10,963,720 "
University of Iowa,153658,2018,Football Bowl Subdivision,Big Ten Conference,"$131,467,820 ","$1,350,000 ","$17,873,378 ","$1,595,984 ","$2,698,481 ","$1,712,668 ","$14,183,984 ","$34,657,557 ","$23,596,603 ","$20,641,524 ","$13,157,641 ","$1,263,850,000 ","$33,242,804 ","$11,806,192 "
University of Iowa,153658,2019,Football Bowl Subdivision,Big Ten Conference,"$147,632,275 ","$1,350,000 ","$18,434,653 ","$1,584,761 ","$3,195,794 ","$2,123,546 ","$15,685,385 ","$44,104,575 ","$26,469,891 ","$21,001,526 ","$13,682,144 ","$1,280,833,000 ","$37,782,218 ","$13,421,662 "
University of Iowa,153658,2020,Football Bowl Subdivision,Big Ten Conference,"$149,161,886 ",$0 ,"$18,675,557 ","$1,937,069 ","$5,007,546 ","$1,492,966 ","$14,815,805 ","$45,118,197 ","$27,585,481 ","$21,715,188 ","$12,814,077 ","$1,320,700,000 ","$41,838,056 ","$14,183,939 "
University of Iowa,153658,2021,Football Bowl Subdivision,Big Ten Conference,"$116,755,350 ",$0 ,"$13,005,449 ","$1,744,497 ","$405,944 ","$87,425 ","$6,805,449 ","$35,721,830 ","$26,921,102 ","$18,722,489 ","$13,341,165 ","$1,358,436,000 ","$29,686,991 ","$13,371,696 "
University of Iowa,153658,2022,Football Bowl Subdivision,Big Ten Conference,"$151,144,861 ",$0 ,"$20,416,006 ","$2,081,403 ","$5,942,843 ","$2,039,354 ","$16,753,112 ","$36,555,225 ","$34,108,484 ","$20,507,349 ","$12,741,085 ","$1,358,436,000 ","$49,396,133 ","$19,082,369 "
University of Kansas,155317,2018,Football Bowl Subdivision,Big 12 Conference,"$104,108,072 ",$0 ,"$12,708,567 ","$938,672 ","$1,627,676 ","$2,326,971 ","$12,053,347 ","$21,260,705 ","$17,736,274 ","$23,464,399 ","$11,991,461 ","$1,079,959,602 ","$19,724,816 ","$5,337,452 "
University of Kansas,155317,2019,Football Bowl Subdivision,Big 12 Conference,"$108,881,800 ",$0 ,"$13,009,758 ","$929,729 ","$1,536,104 ","$2,310,278 ","$11,192,152 ","$20,295,665 ","$18,134,289 ","$28,497,596 ","$12,976,229 ","$1,118,972,157 ","$25,325,278 ","$6,539,435 "
University of Kansas,155317,2020,Football Bowl Subdivision,Big 12 Conference,"$102,693,011 ",$0 ,"$10,364,840 ","$755,594 ","$1,742,382 ","$1,493,759 ","$9,686,659 ","$22,865,442 ","$17,797,593 ","$26,560,350 ","$11,426,392 ","$1,136,094,384 ","$21,961,195 ","$6,550,114 "
University of Kansas,155317,2021,Football Bowl Subdivision,Big 12 Conference,"$94,140,743 ",$0 ,"$3,374,623 ","$1,035,659 ","$471,415 ","$395,972 ","$5,627,072 ","$19,508,868 ","$21,875,888 ","$28,549,066 ","$13,302,180 ","$1,178,620,898 ","$19,661,307 ","$6,227,905 "
University of Kansas,155317,2022,Football Bowl Subdivision,Big 12 Conference,"$108,696,078 ",$0 ,"$9,992,467 ","$886,997 ","$1,283,143 ","$1,919,392 ","$12,843,037 ","$21,178,609 ","$20,437,077 ","$25,969,535 ","$14,185,821 ","$1,178,620,898 ","$21,282,124 ","$6,537,275 "
University of Kentucky,157085,2018,Football Bowl Subdivision,Southeastern Conference,"$133,264,315 ","$4,388,733 ","$12,119,749 ","$891,266 ","$3,558,855 ","$2,718,456 ","$17,850,488 ","$27,238,806 ","$27,310,085 ","$21,825,362 ","$15,362,515 ","$1,550,231,853 ","$26,057,927 ","$9,627,137 "
University of Kentucky,157085,2019,Football Bowl Subdivision,Southeastern Conference,"$150,265,800 ","$5,379,554 ","$14,646,421 ","$874,713 ","$3,923,376 ","$3,307,787 ","$20,166,269 ","$31,717,354 ","$31,288,950 ","$22,827,628 ","$16,133,748 ","$1,654,813,673 ","$30,279,735 ","$11,396,555 "
University of Kentucky,157085,2020,Football Bowl Subdivision,Southeastern Conference,"$145,957,959 ","$5,379,336 ","$12,285,961 ","$914,206 ","$4,071,154 ","$2,138,764 ","$17,172,839 ","$34,268,638 ","$31,846,330 ","$22,907,676 ","$14,973,055 ","$1,682,955,107 ","$29,925,733 ","$11,921,057 "
University of Kentucky,157085,2021,Football Bowl Subdivision,Southeastern Conference,"$120,938,509 ",$0 ,"$7,612,198 ","$1,092,879 ","$274,069 ","$362,141 ","$12,062,029 ","$31,673,007 ","$29,985,260 ","$23,306,489 ","$14,570,437 ","$1,715,666,835 ","$24,684,438 ","$11,440,169 "
University of Kentucky,157085,2022,Football Bowl Subdivision,Southeastern Conference,"$158,840,674 ","$5,219,491 ","$11,688,177 ","$1,021,810 ","$4,458,488 ","$2,982,841 ","$20,029,633 ","$35,336,941 ","$34,920,545 ","$26,291,968 ","$16,890,780 ","$1,715,666,835 ","$36,465,661 ","$14,341,657 "
University of Louisville,157289,2018,Football Bowl Subdivision,Atlantic Coast Conference,"$132,708,762 ",$0 ,"$13,592,640 ","$1,176,255 ","$2,589,229 ","$1,847,150 ","$14,522,536 ","$27,062,623 ","$26,603,245 ","$30,523,027 ","$14,792,057 ","$900,305,000 ","$26,435,741 ","$9,756,460 "
University of Louisville,157289,2019,Football Bowl Subdivision,Atlantic Coast Conference,"$151,167,940 ",$0 ,"$29,940,675 ","$1,687,081 ","$2,108,075 ","$2,350,503 ","$11,911,382 ","$26,439,492 ","$24,730,312 ","$37,533,844 ","$14,466,576 ","$912,465,000 ","$46,431,134 ","$8,905,696 "
University of Louisville,157289,2020,Football Bowl Subdivision,Atlantic Coast Conference,"$138,830,169 ",$0 ,"$36,632,715 ","$1,985,130 ","$1,572,021 ","$1,541,816 ","$11,197,291 ","$24,925,685 ","$25,869,324 ","$21,281,862 ","$13,824,325 ","$911,996,000 ","$26,694,575 ","$9,719,940 "
University of Louisville,157289,2021,Football Bowl Subdivision,Atlantic Coast Conference,"$109,320,333 ",$0 ,"$21,956,030 ","$2,550,878 ","$1,005,500 ","$320,340 ","$7,938,033 ","$18,071,135 ","$24,184,172 ","$18,152,603 ","$15,141,642 ","$951,597,000 ","$23,075,716 ","$8,526,846 "
University of Louisville,157289,2022,Football Bowl Subdivision,Atlantic Coast Conference,"$139,978,927 ",$0 ,"$29,052,036 ","$2,140,865 ","$1,581,306 ","$2,129,809 ","$19,363,897 ","$18,611,113 ","$26,136,852 ","$25,764,407 ","$15,198,642 ","$951,597,000 ","$34,994,933 ","$9,776,832 "
University of Maryland-College Park,163286,2018,Football Bowl Subdivision,Big Ten Conference,"$97,819,892 ",$0 ,"$11,761,718 ","$1,250,677 ","$1,298,007 ","$1,308,607 ","$9,338,408 ","$21,217,554 ","$17,575,289 ","$17,378,436 ","$16,691,196 ","$1,526,329,406 ","$19,881,239 ","$6,519,669 "
University of Maryland-College Park,163286,2019,Football Bowl Subdivision,Big Ten Conference,"$108,785,924 ",$0 ,"$13,234,693 ","$1,413,201 ","$1,282,153 ","$1,433,868 ","$9,467,112 ","$20,681,184 ","$18,437,351 ","$25,481,710 ","$17,354,652 ","$1,562,504,321 ","$28,507,867 ","$6,740,459 "
University of Maryland-College Park,163286,2020,Football Bowl Subdivision,Big Ten Conference,"$92,231,361 ",$0 ,"$8,041,382 ","$1,198,031 ","$1,437,313 ","$1,464,140 ","$8,300,964 ","$14,737,452 ","$20,310,675 ","$19,029,150 ","$17,712,254 ","$1,630,068,744 ","$21,391,499 ","$7,495,398 "
University of Maryland-College Park,163286,2021,Football Bowl Subdivision,Big Ten Conference,"$81,831,650 ",$0 ,"$6,233,817 ","$1,925,120 ","$161,563 ","$421,739 ","$5,488,628 ","$13,322,216 ","$20,963,623 ","$15,902,880 ","$17,412,064 ","$1,678,090,218 ","$20,498,932 ","$7,453,770 "
University of Maryland-College Park,163286,2022,Football Bowl Subdivision,Big Ten Conference,"$114,385,462 ",$0 ,"$9,853,277 ","$2,401,888 ","$2,678,872 ","$2,320,815 ","$11,260,756 ","$18,071,072 ","$25,446,854 ","$24,449,870 ","$17,902,058 ","$1,678,090,218 ","$30,801,233 ","$9,562,357 "
University of Mississippi,176017,2018,Football Bowl Subdivision,Southeastern Conference,"$116,812,268 ",$0 ,"$9,128,677 ","$1,199,187 ","$3,757,700 ","$1,683,435 ","$12,438,595 ","$36,404,435 ","$18,861,309 ","$22,722,004 ","$10,616,926 ","$798,502,331 ","$35,377,133 ","$8,133,900 "
University of Mississippi,176017,2019,Football Bowl Subdivision,Southeastern Conference,"$113,013,400 ",$0 ,"$8,760,583 ","$951,500 ","$4,122,150 ","$1,647,740 ","$12,613,147 ","$33,818,574 ","$20,827,995 ","$19,342,097 ","$10,929,614 ","$817,221,560 ","$37,790,720 ","$9,725,592 "
University of Mississippi,176017,2020,Football Bowl Subdivision,Southeastern Conference,"$113,008,288 ",$0 ,"$7,499,063 ","$839,736 ","$3,264,300 ","$1,360,493 ","$9,230,145 ","$29,369,825 ","$25,779,768 ","$24,678,714 ","$10,986,244 ","$829,832,047 ","$44,375,627 ","$13,909,249 "
University of Mississippi,176017,2021,Football Bowl Subdivision,Southeastern Conference,"$109,763,195 ",$0 ,"$7,324,049 ","$4,632,115 ","$592,289 ","$339,608 ","$10,304,844 ","$29,896,914 ","$21,730,784 ","$24,004,908 ","$10,937,684 ","$804,565,173 ","$38,313,502 ","$10,321,262 "
University of Mississippi,176017,2022,Football Bowl Subdivision,Southeastern Conference,"$138,796,990 ",$0 ,"$12,922,291 ","$1,607,512 ","$3,074,450 ","$2,506,402 ","$15,916,655 ","$36,644,668 ","$28,788,459 ","$25,036,564 ","$12,299,989 ","$804,565,173 ","$55,107,688 ","$14,886,471 "
University of Missouri-Columbia,178396,2018,Football Bowl Subdivision,Southeastern Conference,"$109,158,522 ",$0 ,"$10,681,834 ","$1,336,298 ","$2,751,626 ","$1,657,753 ","$12,392,118 ","$26,660,795 ","$19,995,160 ","$22,145,769 ","$11,537,169 ","$848,107,354 ","$23,659,474 ","$8,825,460 "
University of Missouri-Columbia,178396,2019,Football Bowl Subdivision,Southeastern Conference,"$108,398,447 ",$0 ,"$8,212,719 ","$734,000 ","$1,445,059 ","$1,792,316 ","$12,371,771 ","$28,932,162 ","$20,857,366 ","$21,489,160 ","$12,563,894 ","$884,627,516 ","$23,852,138 ","$9,599,497 "
University of Missouri-Columbia,178396,2020,Football Bowl Subdivision,Southeastern Conference,"$119,082,669 ",$0 ,"$14,465,784 ","$1,166,437 ","$4,570,162 ","$1,463,003 ","$10,068,273 ","$28,977,221 ","$21,991,362 ","$23,811,802 ","$12,568,625 ","$929,820,094 ","$28,644,935 ","$11,103,475 "
University of Missouri-Columbia,178396,2021,Football Bowl Subdivision,Southeastern Conference,"$113,915,145 ",$0 ,"$8,122,405 ","$1,503,809 ","$509,772 ","$314,262 ","$7,755,743 ","$43,171,428 ","$20,200,329 ","$20,052,856 ","$12,284,541 ","$928,334,451 ","$24,080,442 ","$10,042,071 "
University of Missouri-Columbia,178396,2022,Football Bowl Subdivision,Southeastern Conference,"$125,621,128 ",$0 ,"$8,740,946 ","$1,492,121 ","$3,805,228 ","$2,106,651 ","$13,586,282 ","$35,900,749 ","$22,392,532 ","$25,029,217 ","$12,567,402 ","$928,334,451 ","$32,808,146 ","$10,513,997 "
University of North Carolina at Chapel Hill,199120,2018,Football Bowl Subdivision,Atlantic Coast Conference,"$102,430,558 ",$0 ,"$14,861,939 ","$2,789,471 ","$1,166,800 ","$1,883,458 ","$10,837,884 ","$18,418,504 ","$18,978,962 ","$16,879,694 ","$16,613,846 ","$2,125,067,175 ","$21,251,447 ","$6,678,662 "
University of North Carolina at Chapel Hill,199120,2019,Football Bowl Subdivision,Atlantic Coast Conference,"$110,809,706 ",$0 ,"$13,889,292 ","$2,936,303 ","$986,914 ","$1,943,357 ","$12,238,866 ","$20,129,804 ","$22,833,215 ","$18,876,303 ","$16,975,652 ","$2,163,304,764 ","$23,414,064 ","$8,399,857 "
University of North Carolina at Chapel Hill,199120,2020,Football Bowl Subdivision,Atlantic Coast Conference,"$113,022,409 ",$0 ,"$12,752,126 ","$3,029,586 ","$1,190,103 ","$1,740,114 ","$10,263,202 ","$21,705,638 ","$23,178,619 ","$21,915,751 ","$17,247,270 ","$2,175,320,604 ","$30,648,706 ","$9,844,276 "
University of North Carolina at Chapel Hill,199120,2021,Football Bowl Subdivision,Atlantic Coast Conference,"$101,916,048 ",$0 ,"$10,418,244 ","$4,196,376 ","$739,605 ","$465,072 ","$7,932,676 ","$15,436,934 ","$24,199,522 ","$20,491,500 ","$18,036,119 ","$2,170,984,339 ","$30,231,779 ","$11,150,838 "
University of North Carolina at Chapel Hill,199120,2022,Football Bowl Subdivision,Atlantic Coast Conference,"$120,314,967 ",$0 ,"$14,363,828 ","$3,177,675 ","$1,169,510 ","$2,513,146 ","$16,677,874 ","$17,107,013 ","$27,040,442 ","$24,595,998 ","$13,669,481 ","$2,170,984,339 ","$34,451,491 ","$12,555,094 "
University of Oklahoma,207500,2018,Football Bowl Subdivision,Big 12 Conference,"$153,189,153 ","$514,678 ","$16,689,141 ","$1,807,040 ","$2,410,621 ","$2,542,581 ","$22,856,950 ","$43,451,873 ","$26,243,527 ","$21,616,506 ","$15,056,236 ","$725,510,000 ","$39,820,566 ","$11,202,018 "
University of Oklahoma,207500,2019,Football Bowl Subdivision,Big 12 Conference,"$163,835,791 ","$5,877,521 ","$12,426,123 ","$1,951,154 ","$2,334,312 ","$2,480,179 ","$25,044,829 ","$45,664,670 ","$29,115,829 ","$22,973,908 ","$15,967,266 ","$707,329,000 ","$42,752,259 ","$13,547,216 "
University of Oklahoma,207500,2020,Football Bowl Subdivision,Big 12 Conference,"$162,958,014 ","$5,463,487 ","$18,669,920 ","$1,747,884 ","$1,493,709 ","$2,256,268 ","$21,940,964 ","$41,351,767 ","$31,838,431 ","$22,237,557 ","$15,958,027 ","$742,661,000 ","$41,455,784 ","$16,388,860 "
University of Oklahoma,207500,2021,Football Bowl Subdivision,Big 12 Conference,"$145,100,455 ","$1,907,047 ","$7,048,946 ","$5,480,803 ","$863,470 ","$633,688 ","$14,399,357 ","$47,779,909 ","$32,983,850 ","$17,852,243 ","$16,151,142 ","$775,612,000 ","$38,210,376 ","$16,159,472 "
University of Oklahoma,207500,2022,Football Bowl Subdivision,Big 12 Conference,"$182,403,214 ","$6,405,757 ","$10,897,576 ","$2,488,032 ","$2,102,272 ","$4,770,148 ","$18,370,163 ","$61,311,924 ","$33,757,740 ","$24,841,603 ","$17,457,999 ","$775,612,000 ","$49,555,763 ","$17,793,635 "
University of Oregon,209551,2018,Football Bowl Subdivision,Pacific-12 Conference,"$119,811,239 ",$0 ,"$7,676,858 ","$1,357,824 ","$2,536,571 ","$1,878,901 ","$10,211,631 ","$39,370,851 ","$23,256,629 ","$20,260,415 ","$13,261,559 ","$746,061,136 ","$27,875,265 ","$10,391,529 "
University of Oregon,209551,2019,Football Bowl Subdivision,Pacific-12 Conference,"$128,943,543 ",$0 ,"$9,508,099 ","$1,612,694 ","$3,984,905 ","$2,284,430 ","$12,297,526 ","$37,889,111 ","$23,830,567 ","$24,217,017 ","$13,319,194 ","$750,046,102 ","$34,724,839 ","$10,991,865 "
University of Oregon,209551,2020,Football Bowl Subdivision,Pacific-12 Conference,"$120,884,588 ",$0 ,"$6,042,927 ","$1,492,072 ","$2,026,452 ","$1,418,307 ","$11,136,887 ","$36,330,911 ","$25,443,353 ","$22,635,103 ","$14,358,576 ","$774,189,558 ","$32,734,039 ","$12,002,417 "
University of Oregon,209551,2021,Football Bowl Subdivision,Pacific-12 Conference,"$101,243,145 ",$0 ,"$4,609,566 ","$2,287,765 ","$250,495 ","$656,777 ","$6,282,327 ","$29,959,184 ","$24,121,131 ","$18,547,968 ","$14,527,932 ","$790,086,644 ","$24,569,707 ","$11,410,351 "
University of Oregon,209551,2022,Football Bowl Subdivision,Pacific-12 Conference,"$140,565,297 ",$0 ,"$10,924,099 ","$1,653,194 ","$2,375,099 ","$2,580,785 ","$14,463,861 ","$39,775,490 ","$30,450,356 ","$24,343,232 ","$13,999,181 ","$790,086,644 ","$40,726,930 ","$15,128,555 "
University of Pittsburgh-Pittsburgh Campus,215293,2018,Football Bowl Subdivision,Atlantic Coast Conference,,,,,,,,,,,,"$1,952,147,514 ",,
University of Pittsburgh-Pittsburgh Campus,215293,2019,Football Bowl Subdivision,Atlantic Coast Conference,,,,,,,,,,,,"$2,033,694,715 ",,
University of Pittsburgh-Pittsburgh Campus,215293,2020,Football Bowl Subdivision,Atlantic Coast Conference,,,,,,,,,,,,"$2,184,394,073 ",,
University of Pittsburgh-Pittsburgh Campus,215293,2021,Football Bowl Subdivision,Atlantic Coast Conference,,,,,,,,,,,,"$2,202,720,652 ",,
University of Pittsburgh-Pittsburgh Campus,215293,2022,Football Bowl Subdivision,Atlantic Coast Conference,,,,,,,,,,,,"$2,202,720,652 ",,
University of South Carolina,218663,2018,Football Bowl Subdivision,Southeastern Conference,"$134,863,557 ",$0 ,"$10,097,752 ","$1,703,227 ","$1,734,904 ","$2,128,667 ","$17,040,164 ","$37,198,484 ","$22,753,376 ","$25,788,235 ","$16,418,748 ","$898,330,683 ","$33,317,644 ","$9,564,090 "
University of South Carolina,218663,2019,Football Bowl Subdivision,Southeastern Conference,"$136,879,732 ",$0 ,"$8,815,892 ","$1,670,156 ","$3,451,563 ","$2,128,748 ","$15,588,309 ","$33,270,005 ","$24,581,434 ","$27,971,776 ","$19,401,849 ","$928,595,892 ","$36,606,779 ","$11,037,536 "
University of South Carolina,218663,2020,Football Bowl Subdivision,Southeastern Conference,"$133,776,318 ",$0 ,"$10,458,861 ","$1,826,018 ","$2,945,922 ","$1,366,984 ","$13,061,698 ","$34,933,765 ","$25,187,611 ","$28,906,096 ","$15,089,363 ","$963,521,981 ","$34,170,806 ","$11,176,866 "
University of South Carolina,218663,2021,Football Bowl Subdivision,Southeastern Conference,"$130,364,709 ",$0 ,"$6,081,519 ","$3,731,914 ","$116,536 ","$372,977 ","$10,879,031 ","$28,335,633 ","$24,374,598 ","$40,578,682 ","$15,893,819 ","$952,198,513 ","$43,854,572 ","$10,468,102 "
University of South Carolina,218663,2022,Football Bowl Subdivision,Southeastern Conference,"$144,815,377 ",$0 ,"$9,769,669 ","$1,349,381 ","$2,339,079 ","$2,113,801 ","$16,818,223 ","$34,239,558 ","$26,470,487 ","$33,503,658 ","$18,211,521 ","$952,198,513 ","$37,272,775 ","$9,821,724 "
University of Utah,230764,2018,Football Bowl Subdivision,Pacific-12 Conference,"$87,578,834 ",$0 ,"$15,425,441 ","$1,092,534 ","$1,549,419 ","$1,964,161 ","$9,942,324 ","$13,427,178 ","$19,170,085 ","$14,113,610 ","$10,894,082 ","$1,903,948,000 ","$29,808,363 ","$9,088,760 "
University of Utah,230764,2019,Football Bowl Subdivision,Pacific-12 Conference,"$96,000,514 ",$0 ,"$15,750,579 ","$1,262,213 ","$1,667,039 ","$1,981,083 ","$10,657,668 ","$14,528,256 ","$20,609,929 ","$17,199,033 ","$12,344,714 ","$2,071,457,000 ","$31,061,561 ","$9,796,049 "
University of Utah,230764,2020,Football Bowl Subdivision,Pacific-12 Conference,"$95,185,806 ",$0 ,"$13,640,312 ","$989,821 ","$1,367,578 ","$1,433,471 ","$10,075,289 ","$14,054,915 ","$23,167,963 ","$18,381,373 ","$12,075,084 ","$2,081,126,000 ","$33,317,718 ","$11,795,175 "
University of Utah,230764,2021,Football Bowl Subdivision,Pacific-12 Conference,"$82,056,884 ",$0 ,"$9,086,677 ","$2,129,204 ","$222,009 ","$302,545 ","$4,895,932 ","$14,617,137 ","$19,762,762 ","$18,794,320 ","$12,246,298 ","$2,244,553,000 ","$22,975,592 ","$9,887,970 "
University of Utah,230764,2022,Football Bowl Subdivision,Pacific-12 Conference,"$111,880,434 ",$0 ,"$17,262,115 ","$1,269,083 ","$1,305,727 ","$1,987,511 ","$11,523,244 ","$19,979,274 ","$24,245,391 ","$21,494,539 ","$12,813,550 ","$2,244,553,000 ","$40,071,987 ","$13,843,569 "
University of Virginia,234076,2018,Football Bowl Subdivision,Atlantic Coast Conference,"$106,926,915 ",$0 ,"$7,894,858 ","$1,576,317 ","$1,694,500 ","$1,740,460 ","$12,779,112 ","$21,015,534 ","$22,518,057 ","$18,746,831 ","$18,961,246 ","$1,473,495,628 ","$22,712,557 ","$7,484,293 "
University of Virginia,234076,2019,Football Bowl Subdivision,Atlantic Coast Conference,"$112,621,238 ",$0 ,"$9,169,378 ","$1,455,265 ","$2,335,000 ","$1,900,260 ","$12,831,604 ","$18,770,081 ","$26,094,900 ","$19,741,882 ","$20,322,868 ","$1,687,641,270 ","$25,888,748 ","$8,708,658 "
University of Virginia,234076,2020,Football Bowl Subdivision,Atlantic Coast Conference,"$111,779,897 ",$0 ,"$8,481,059 ","$1,275,136 ","$1,998,350 ","$1,443,510 ","$11,401,890 ","$20,571,366 ","$25,443,005 ","$20,259,521 ","$20,906,060 ","$1,704,305,655 ","$27,425,860 ","$9,125,096 "
University of Virginia,234076,2021,Football Bowl Subdivision,Atlantic Coast Conference,"$101,172,838 ",$0 ,"$6,836,912 ","$3,484,846 ","$574,500 ","$281,864 ","$7,170,745 ","$15,600,739 ","$26,356,586 ","$19,197,219 ","$21,669,427 ","$1,716,920,765 ","$23,870,870 ","$9,015,999 "
University of Virginia,234076,2022,Football Bowl Subdivision,Atlantic Coast Conference,"$150,584,173 ",$0 ,"$13,917,121 ","$1,398,102 ","$1,099,500 ","$2,157,359 ","$13,665,607 ","$48,228,687 ","$27,218,894 ","$20,263,211 ","$22,635,692 ","$1,716,920,765 ","$31,075,143 ","$10,281,881 "
University of Washington,236948,2018,Football Bowl Subdivision,Pacific-12 Conference,"$126,133,008 ",$0 ,"$17,265,636 ","$1,319,102 ","$2,587,358 ","$1,740,611 ","$17,364,987 ","$28,286,024 ","$22,002,788 ","$22,149,840 ","$13,416,662 ","$3,305,818,728 ","$38,744,975 ","$11,182,050 "
University of Washington,236948,2019,Football Bowl Subdivision,Pacific-12 Conference,"$131,317,636 ",$0 ,"$17,321,635 ","$1,488,414 ","$1,631,364 ","$1,830,974 ","$18,851,989 ","$27,696,369 ","$24,961,102 ","$23,073,352 ","$14,462,437 ","$3,368,586,111 ","$40,474,139 ","$12,744,613 "
University of Washington,236948,2020,Football Bowl Subdivision,Pacific-12 Conference,"$128,976,495 ",$0 ,"$17,240,941 ","$1,367,073 ","$1,674,476 ","$1,325,013 ","$15,387,893 ","$28,329,971 ","$24,238,571 ","$24,684,006 ","$14,728,551 ","$3,542,273,897 ","$51,454,948 ","$11,496,063 "
University of Washington,236948,2021,Football Bowl Subdivision,Pacific-12 Conference,"$86,150,595 ",$0 ,"$10,043,217 ","$1,886,317 ","$320,000 ","$406,804 ","$5,828,030 ","$9,560,091 ","$21,710,317 ","$20,813,771 ","$15,582,048 ","$3,675,945,745 ","$24,267,707 ","$8,842,162 "
University of Washington,236948,2022,Football Bowl Subdivision,Pacific-12 Conference,"$149,458,923 ",$0 ,"$18,111,340 ","$1,752,722 ","$3,141,470 ","$2,490,978 ","$18,834,207 ","$27,404,842 ","$22,428,675 ","$39,202,708 ","$16,091,981 ","$3,675,945,745 ","$70,461,921 ","$8,406,844 "
Virginia Polytechnic Institute and State University,233921,2018,Football Bowl Subdivision,Atlantic Coast Conference,"$93,588,260 ",$0 ,"$6,261,903 ","$1,216,525 ","$1,303,531 ","$1,588,752 ","$11,405,029 ","$23,435,350 ","$19,919,181 ","$14,176,017 ","$14,281,972 ","$1,181,073,831 ","$32,532,683 ","$9,324,588 "
Virginia Polytechnic Institute and State University,233921,2019,Football Bowl Subdivision,Atlantic Coast Conference,"$93,961,068 ",$0 ,"$6,940,011 ","$1,325,798 ","$1,413,515 ","$1,613,854 ","$11,314,938 ","$21,459,417 ","$19,108,355 ","$16,088,984 ","$14,696,196 ","$1,201,462,585 ","$33,666,607 ","$8,647,561 "
Virginia Polytechnic Institute and State University,233921,2020,Football Bowl Subdivision,Atlantic Coast Conference,"$97,492,220 ",$0 ,"$8,085,493 ","$1,364,327 ","$2,134,066 ","$1,876,885 ","$9,966,479 ","$20,980,413 ","$19,801,792 ","$17,626,123 ","$15,656,642 ","$1,257,803,198 ","$34,265,430 ","$8,868,852 "
Virginia Polytechnic Institute and State University,233921,2021,Football Bowl Subdivision,Atlantic Coast Conference,"$85,587,390 ",$0 ,"$7,361,483 ","$1,842,919 ","$721,383 ","$232,684 ","$4,283,451 ","$20,942,512 ","$18,736,861 ","$16,917,195 ","$14,548,902 ","$1,244,762,742 ","$26,699,874 ","$8,414,957 "
Virginia Polytechnic Institute and State University,233921,2022,Football Bowl Subdivision,Atlantic Coast Conference,"$117,280,036 ",$0 ,"$11,773,270 ","$1,503,339 ","$1,646,021 ","$1,838,881 ","$10,882,695 ","$22,340,262 ","$22,503,433 ","$29,027,698 ","$15,764,437 ","$1,244,762,742 ","$41,766,016 ","$10,805,285 "
Washington State University,236939,2018,Football Bowl Subdivision,Pacific-12 Conference,"$73,775,035 ",$0 ,"$10,390,822 ","$837,520 ","$1,687,947 ","$1,269,495 ","$7,615,325 ","$13,680,575 ","$13,153,000 ","$14,360,533 ","$10,779,818 ","$868,604,003 ","$20,023,375 ","$7,269,417 "
Washington State University,236939,2019,Football Bowl Subdivision,Pacific-12 Conference,"$76,258,966 ",$0 ,"$10,883,852 ","$713,497 ","$1,724,640 ","$1,362,747 ","$8,032,092 ","$13,714,169 ","$14,296,924 ","$14,506,883 ","$11,024,162 ","$886,374,402 ","$22,052,168 ","$8,194,527 "
Washington State University,236939,2020,Football Bowl Subdivision,Pacific-12 Conference,"$77,271,930 ",$0 ,"$10,046,433 ","$543,689 ","$1,939,725 ","$1,179,747 ","$7,523,481 ","$13,630,285 ","$14,367,411 ","$17,579,471 ","$10,461,688 ","$909,763,901 ","$23,049,901 ","$8,190,609 "
Washington State University,236939,2021,Football Bowl Subdivision,Pacific-12 Conference,"$65,002,028 ",$0 ,"$7,523,100 ","$1,055,790 ","$374,613 ","$230,390 ","$3,443,602 ","$13,945,660 ","$13,195,423 ","$13,808,507 ","$11,424,943 ","$943,814,876 ","$16,533,539 ","$7,315,361 "
Washington State University,236939,2022,Football Bowl Subdivision,Pacific-12 Conference,"$83,691,991 ",$0 ,"$12,088,271 ","$1,029,551 ","$1,911,192 ","$1,423,288 ","$9,287,421 ","$15,113,681 ","$12,600,304 ","$18,013,185 ","$12,225,098 ","$943,814,876 ","$22,822,345 ","$6,240,292 "
West Virginia University,238032,2018,Football Bowl Subdivision,Big 12 Conference,"$91,807,281 ",$0 ,"$12,091,172 ","$1,023,329 ","$1,549,952 ","$1,546,908 ","$13,397,507 ","$17,777,892 ","$16,565,149 ","$16,374,363 ","$11,481,009 ","$743,488,373 ","$21,038,496 ","$7,254,667 "
West Virginia University,238032,2019,Football Bowl Subdivision,Big 12 Conference,"$98,249,890 ",$0 ,"$8,083,916 ","$874,390 ","$1,282,908 ","$1,893,496 ","$13,486,338 ","$26,540,478 ","$19,214,691 ","$15,862,653 ","$11,011,020 ","$793,733,268 ","$24,046,517 ","$9,021,256 "
West Virginia University,238032,2020,Football Bowl Subdivision,Big 12 Conference,"$90,208,214 ",$0 ,"$6,636,872 ","$1,172,686 ","$1,520,207 ","$1,358,915 ","$10,944,842 ","$24,262,768 ","$17,994,476 ","$16,127,100 ","$10,190,348 ","$824,367,737 ","$22,221,319 ","$7,455,228 "
West Virginia University,238032,2021,Football Bowl Subdivision,Big 12 Conference,"$64,814,692 ",$0 ,"$3,185,889 ","$1,818,783 ","$711,238 ","$287,359 ","$6,258,217 ","$10,541,943 ","$16,961,882 ","$14,521,840 ","$10,527,541 ","$814,630,213 ","$17,233,863 ","$6,979,619 "
West Virginia University,238032,2022,Football Bowl Subdivision,Big 12 Conference,"$97,067,706 ",$0 ,"$7,094,784 ","$839,514 ","$1,152,756 ","$1,882,408 ","$12,504,359 ","$26,580,890 ","$19,940,708 ","$16,016,263 ","$11,056,024 ","$814,630,213 ","$24,342,556 ","$8,715,591 "
Autonomy 5 Median,,2018,,,"$117,829,696 ",$0 ,"$12,573,497 ","$1,327,700 ","$2,316,498 ","$1,880,002 ","$12,443,781 ","$27,150,715 ","$21,340,880 ","$21,720,934 ","$13,154,584 ","$1,286,133,111 ","$32,031,435 ","$9,530,592 "
Autonomy 5 Median,,2019,,,"$123,753,997 ",$0 ,"$13,119,143 ","$1,379,512 ","$2,359,998 ","$2,119,969 ","$13,197,724 ","$27,737,331 ","$22,489,710 ","$22,824,457 ","$13,566,520 ","$1,380,278,596 ","$34,617,872 ","$9,753,008 "
Autonomy 5 Median,,2020,,,"$120,587,074 ",$0 ,"$11,706,618 ","$1,365,700 ","$2,296,316 ","$1,582,866 ","$11,185,096 ","$27,975,805 ","$23,969,062 ","$23,366,294 ","$13,300,502 ","$1,451,233,271 ","$33,269,915 ","$10,465,039 "
Autonomy 5 Median,,2021,,,"$103,954,210 ",$0 ,"$7,740,459 ","$2,007,446 ","$367,307 ","$382,194 ","$7,284,233 ","$24,858,973 ","$22,741,702 ","$22,041,151 ","$13,528,002 ","$1,405,805,735 ","$25,914,570 ","$9,975,542 "
Autonomy 5 Median,,2022,,,"$138,618,034 ",$0 ,"$12,746,196 ","$1,669,758 ","$2,843,800 ","$2,167,487 ","$14,073,887 ","$31,171,993 ","$25,784,444 ","$24,935,410 ","$13,914,333 ","$1,405,805,735 ","$38,264,321 ","$11,331,466 "
Atlantic Coast Conference Median,,2018,,,"$104,678,737 ",$0 ,"$10,752,006 ","$1,325,013 ","$1,858,670 ","$1,814,301 ","$12,112,746 ","$22,225,442 ","$21,218,619 ","$18,146,283 ","$14,537,015 ","$1,276,498,226 ","$25,871,324 ","$8,582,578 "
Atlantic Coast Conference Median,,2019,,,"$111,715,472 ",$0 ,"$12,082,933 ","$1,478,060 ","$2,188,461 ","$2,029,875 ","$12,075,124 ","$20,794,611 ","$23,547,177 ","$19,309,093 ","$14,581,386 ","$1,363,347,247 ","$32,362,369 ","$8,807,177 "
Atlantic Coast Conference Median,,2020,,,"$112,401,153 ",$0 ,"$11,168,545 ","$1,423,602 ","$2,010,897 ","$1,721,708 ","$10,441,386 ","$21,343,026 ","$24,310,812 ","$20,770,692 ","$14,740,484 ","$1,419,778,367 ","$29,037,283 ","$9,422,518 "
Atlantic Coast Conference Median,,2021,,,"$101,544,443 ",$0 ,"$9,005,130 ","$2,286,733 ","$664,642 ","$291,600 ","$7,604,433 ","$18,373,094 ","$22,153,112 ","$18,674,911 ","$14,845,272 ","$1,409,983,305 ","$25,285,372 ","$8,771,423 "
Atlantic Coast Conference Median,,2022,,,"$130,146,947 ",$0 ,"$14,140,475 ","$1,729,808 ","$2,044,870 ","$2,034,964 ","$13,853,064 ","$21,821,610 ","$25,488,269 ","$23,741,843 ","$14,434,062 ","$1,409,983,305 ","$34,723,212 ","$10,641,444 "
Big Ten Conference Median,,2018,,,"$131,467,820 ",$0 ,"$12,438,426 ","$1,388,942 ","$3,045,301 ","$2,069,031 ","$12,448,967 ","$34,303,832 ","$22,008,504 ","$22,154,340 ","$16,121,115 ","$2,337,894,881 ","$33,242,804 ","$9,530,592 "
Big Ten Conference Median,,2019,,,"$134,713,519 ",$0 ,"$13,496,228 ","$1,530,659 ","$3,195,794 ","$2,271,459 ","$13,967,254 ","$32,934,668 ","$22,699,508 ","$24,386,412 ","$16,378,764 ","$2,307,620,319 ","$36,394,252 ","$9,780,423 "
Big Ten Conference Median,,2020,,,"$130,582,125 ",$0 ,"$14,059,556 ","$1,477,669 ","$3,023,500 ","$1,635,314 ","$13,322,065 ","$31,406,858 ","$24,238,063 ","$25,065,112 ","$16,717,371 ","$2,365,278,867 ","$36,049,362 ","$10,669,358 "
Big Ten Conference Median,,2021,,,"$104,951,574 ",$0 ,"$6,412,473 ","$1,992,305 ","$226,726 ","$400,482 ","$6,805,449 ","$30,099,600 ","$23,362,068 ","$24,537,073 ","$17,376,340 ","$2,351,945,000 ","$27,914,023 ","$10,774,290 "
Big Ten Conference Median,,2022,,,"$141,181,951 ",$0 ,"$11,580,422 ","$2,002,772 ","$3,347,681 ","$2,232,533 ","$13,606,806 ","$35,409,254 ","$26,675,475 ","$26,766,349 ","$17,448,383 ","$2,351,945,000 ","$40,749,035 ","$13,381,223 "
Big 12 Conference Median,,2018,,,"$90,378,001 ",$0 ,"$13,024,593 ","$1,139,028 ","$1,854,496 ","$1,936,057 ","$11,900,828 ","$21,447,486 ","$17,592,118 ","$17,751,083 ","$10,291,470 ","$720,409,090 ","$23,156,350 ","$7,501,243 "
Big 12 Conference Median,,2019,,,"$96,782,633 ",$0 ,"$12,170,332 ","$1,024,593 ","$1,898,117 ","$2,101,887 ","$12,491,189 ","$22,348,371 ","$19,269,732 ","$20,144,070 ","$10,264,652 ","$745,296,891 ","$27,684,739 ","$8,996,751 "
Big 12 Conference Median,,2020,,,"$91,393,348 ",$0 ,"$10,766,209 ","$1,134,800 ","$1,757,650 ","$1,536,940 ","$10,195,447 ","$22,959,239 ","$19,529,904 ","$21,020,758 ","$9,865,329 ","$762,000,329 ","$28,344,788 ","$8,626,757 "
Big 12 Conference Median,,2021,,,"$88,369,216 ",$0 ,"$7,102,494 ","$1,869,426 ","$787,354 ","$491,267 ","$6,667,688 ","$20,664,258 ","$18,516,119 ","$19,289,069 ","$10,078,924 ","$803,207,032 ","$21,873,469 ","$8,406,651 "
Big 12 Conference Median,,2022,,,"$106,737,261 ",$0 ,"$11,398,835 ","$1,160,709 ","$1,821,749 ","$1,900,900 ","$13,093,124 ","$24,479,633 ","$21,171,507 ","$21,043,660 ","$10,450,399 ","$803,207,032 ","$28,967,895 ","$10,348,097 "
Pacific-12 Conference Median,,2018,,,"$106,944,047 ",$0 ,"$10,304,307 ","$1,292,333 ","$1,673,955 ","$1,519,534 ","$10,566,752 ","$24,557,838 ","$19,841,229 ","$21,109,420 ","$13,002,964 ","$1,846,590,458 ","$31,154,619 ","$9,088,760 "
Pacific-12 Conference Median,,2019,,,"$103,621,285 ",$0 ,"$10,570,197 ","$1,324,557 ","$1,649,202 ","$1,753,490 ","$11,562,106 ","$22,984,533 ","$20,265,406 ","$21,743,727 ","$12,831,954 ","$2,000,470,180 ","$31,519,766 ","$8,472,835 "
Pacific-12 Conference Median,,2020,,,"$101,457,039 ",$0 ,"$10,089,930 ","$1,301,394 ","$1,676,288 ","$1,335,735 ","$10,955,822 ","$22,144,091 ","$21,387,824 ","$20,508,238 ","$12,562,644 ","$2,192,949,570 ","$31,767,581 ","$8,582,968 "
Pacific-12 Conference Median,,2021,,,"$87,344,843 ",$0 ,"$7,535,563 ","$1,919,236 ","$242,748 ","$372,576 ","$5,451,907 ","$14,431,348 ","$21,841,917 ","$18,671,144 ","$13,118,720 ","$2,313,166,948 ","$24,228,193 ","$8,880,106 "
Pacific-12 Conference Median,,2022,,,"$119,247,020 ",$0 ,"$12,329,186 ","$1,526,459 ","$1,877,051 ","$1,902,122 ","$13,598,131 ","$24,142,814 ","$23,266,581 ","$22,125,530 ","$13,479,111 ","$2,313,166,948 ","$35,502,331 ","$8,859,218 "
Southeastern Conference Median,,2018,,,"$134,965,406 ",$0 ,"$16,246,587 ","$1,336,298 ","$3,323,758 ","$2,394,790 ","$15,319,580 ","$28,787,041 ","$26,133,301 ","$25,788,235 ","$13,746,767 ","$926,838,405 ","$44,380,720 ","$10,784,446 "
Southeastern Conference Median,,2019,,,"$141,829,002 ",$0 ,"$18,110,184 ","$1,072,347 ","$4,029,526 ","$3,169,123 ","$15,588,309 ","$30,341,734 ","$28,118,468 ","$24,675,357 ","$13,981,591 ","$926,223,976 ","$39,499,666 ","$11,396,555 "
Southeastern Conference Median,,2020,,,"$139,935,182 ",$0 ,"$14,354,474 ","$1,251,137 ","$3,807,550 ","$1,963,342 ","$13,397,054 ","$31,298,623 ","$29,178,886 ","$26,538,147 ","$13,092,937 ","$946,671,038 ","$41,403,966 ","$13,909,249 "
Southeastern Conference Median,,2021,,,"$124,113,714 ",$0 ,"$9,555,187 ","$3,731,914 ","$360,000 ","$383,920 ","$10,879,031 ","$28,335,633 ","$26,738,214 ","$27,346,860 ","$12,856,397 ","$940,266,482 ","$36,192,952 ","$11,440,169 "
Southeastern Conference Median,,2022,,,"$157,108,637 ",$0 ,"$14,568,015 ","$1,607,512 ","$4,154,800 ","$2,730,647 ","$18,223,277 ","$33,866,857 ","$29,806,404 ","$32,582,973 ","$14,256,396 ","$940,266,482 ","$47,194,884 ","$14,341,657 "